PersonID,FirstName,LastName,MiddleName,Supervisor Name,Supervisor Employee Code,Home State,Home Zip,HomeAddress,HomeCity,timesheetemail,Homephone,Cellphone,EmergencyContactNumber,EmergencyContactFirstName,EmergencyContactLastName,EmergencyContactRelationship,Originalstartdate@matlen,Lastassignmentenddate,EmployeeType,EmployeeTypeCode,Department,DepartmentCode,WorkLocation,AssignmentWorkStreet1&2,AssignmentWorkCity,AssignmentWorkState,AssignmentWorkzip,TimeZone,BenefitAnniversaryDate,ADPID,Net Bill Rate,Hourly Pay Rate,Burden,Workweek,Holiday Calendar
200778,Dekendrick,Shakoor-dix,,Kelsey Ramirez,198265,GA,30281,1689 Gallup Dr ,Stockbridge,ddix48228@yahoo.com,3134432665,3134432665,4043073965,Hakim,Shakoor-Dix,,10-03-2022,12-31-2022,Hourly Technical Employee Exempt,HTEE,Hourly Technical Employee,908,Remote,1689 Gallup Dr,Stockbridge,GA,30281,(UTC-5:00) Eastern Standard Time,03-10-2022,9709,104.8,73.12,0.18,Monday to Sunday,"ABB, Inc."
200775,Kimberly,Esch,,Kelsey Ramirez,198265,NC,27502,2100 Della Court ,Apex,Kimberly.a.esch@gmail.com,4027404585,4027404585,9199040731,Belinda,Scherrer,,10-04-2022,10-03-2023,Hourly Technical Employee Exempt,HTEE,Hourly Technical Employee,908,Client,,Raleigh,NC,27604,(UTC-5:00) Eastern Standard Time,04-10-2022,9716,92.13,65,0.18,Monday to Sunday,Air Liquide
200770,Jerry,Anderson,,Nick Desimone,165937,FL,32258,14382 Cherry Lake Drive West ,Jacksonville,john82anderson@gmail.com,5408099911,5408099911,,Geraldine (Dina),Anderson,Mother,10-03-2022,10-03-2030,Internal Employee Exempt,IEE,Recruiting,903,Remote,14382 Cherry Lake Drive West,Jacksonville,FL,32258,(UTC-5:00) Eastern Standard Time,03-10-2022,9715,1,31.25,0.18,Saturday to Friday,Ally Bank
200765,Christine,Moulton,Alice,Joan Dawson,198716,ME,4640,19 Hunter Ave ,Hancock,cmoulton@matlensilver.com,6024032347,6024032347,6026727874,Duane,Moulton,Husband,09-27-2022,09-24-2030,Hourly Technical Employee Exempt,HTEE,Hourly Technical Employee,908,Remote,19 Hunter Ave,Hancock,ME,4640,(UTC-5:00) Eastern Standard Time,27-09-2022,9684,1,20,0.18,Saturday to Friday,Bank of America
200741,Ryan,Taylor,,Kelsey Ramirez,198265,GA,30534,76 Vandiviere Rd ,Dawsonville,,4707536135,4707536135,6785079777,Bonnie,Johnson,Mother,10-05-2022,03-24-2023,Hourly Technical Employee Exempt,HTEE,Hourly Technical Employee,908,Remote,76 Vandiviere Rd,Dawsonville,GA,30534,(UTC-5:00) Eastern Standard Time,05-10-2022,9717,78,52,0.18,Saturday to Friday,Bristol-Myers Squibb
200739,Ariane,Swain,Jean-marie,Alyssa Agostini,193622,GA,30346,70 Perimeter Ctr E Apt 2447,Atlanta,aswain@matlensilver.com,4783343777,4783343777,4783355792,Shannon,McCain,Mother,09-26-2022,09-26-2028,Internal Employee Exempt,IEE,Sales,902,Remote,70 Perimeter Ctr E,Atlanta,GA,30346,(UTC-5:00) Eastern Standard Time,15-09-2022,9679,1,36.0577,0.18,Saturday to Friday,Charles Schwab
200738,Lauren,Bofford,,Pamela Habib,191579,NJ,7430,6 North Bayard Lane ,Mahwah,Lbofford@matlensilver.com,9143913061,9143913061,,,,,09-29-2022,09-29-2028,Internal Employee Exempt,IEE,Sales,902,Client,,Somerville,NJ,8876,(UTC-5:00) Eastern Standard Time,29-09-2022,9691,1,48.0769,0.18,Saturday to Friday,College Board
200735,Belinda,Fontaine,,Kelsey Ramirez,198265,GA,30728,323 Windsong Dr ,La Fayette,Fontaine.belinda@gmail.com,4044065360,4044065360,6464695129,Steve,Perrin,,09-26-2022,12-31-2022,Hourly Technical Employee Exempt,HTEE,Hourly Technical Employee,908,Client,,Chattanooga,TN,37402,(UTC-5:00) Eastern Standard Time,26-09-2022,-1,34.21,25,0.18,Monday to Sunday,"ABB, Inc."
200729,Vladimir,Prato,,Kelsey Ramirez,198265,FL,33161,475 NE 130 ST ,Miami,vladprato@yahoo.com,7869916472,7869916472,3058998586,Djenie,Prato,,10-03-2022,03-22-2023,Hourly Technical Employee Exempt,HTEE,Hourly Technical Employee,908,Client,,Miami,FL,33178,(UTC-5:00) Eastern Standard Time,03-10-2022,9705,27,19.5,0.18,Saturday to Friday,Air Liquide
