16/06/2022T06:08:27,Number of Rows: 1153,Function: C1 Task,,
R-010125633.0004,ZA18,Success,Updated successfully,13370703812|13370705883
R-010125633.0002,ZA16,Success,Updated successfully,13370703812|13370706161
R-010125633.0004,ZA16,Success,Updated successfully,13370703812|13370706628
R-010125633.0003,OIRCONSULT,Success,Created successfully,13370703812|13370706490
R-010125633.0002,ZA15,Success,Updated successfully,13370703812|13370706646
R-010125633.0002,ZA14,Success,Updated successfully,13370703812|13370707061
R-010125633.0003,OIRDATADELIV,Success,Created successfully,13370703812|13370707063
R-010125633.0004,ZA15,Success,Updated successfully,13370703812|13370707055
R-010020122.0110,AMSAPPLM,Exception,WBS Element not present in Replicon,13094682009|13094683954
R-010020122.0110,AMMULTRM,Exception,WBS Element not present in Replicon,13094682009|13094683954
R-010020122.0110,AMLTA,Exception,WBS Element not present in Replicon,13094682009|13094683954
R-010020122.0110,AMGAMS,Exception,WBS Element not present in Replicon,13094682009|13094683954
R-010020122.0110,AMG11ND,Exception,WBS Element not present in Replicon,13094682009|13094683954
R-010020122.0110,AMESTORE,Exception,WBS Element not present in Replicon,13094682009|13094683954
R-010020122.0110,AMESA,Exception,WBS Element not present in Replicon,13094682009|13094683954
R-010020122.0110,AMEOMP,Exception,WBS Element not present in Replicon,13094682009|13094683954
R-010020122.0110,AMELMSP,Exception,WBS Element not present in Replicon,13094682009|13094683954
R-010020122.0110,AMELMS,Exception,WBS Element not present in Replicon,13094682009|13094683954
R-010020122.0110,AMELABNAV,Exception,WBS Element not present in Replicon,13094682009|13094683954
R-010020122.0110,AMCAPTIVA,Exception,WBS Element not present in Replicon,13094682009|13094683954
R-010020122.0110,ACC PORTAL,Exception,WBS Element not present in Replicon,13094682009|13094683954
R-010020122.0110,CPIISSTRCK,Exception,WBS Element not present in Replicon,13094682009|13094683954
R-010020122.0110,GAEINSTN,Exception,WBS Element not present in Replicon,13094682009|13094683954
R-010020122.0110,GADSOP,Exception,WBS Element not present in Replicon,13094682009|13094683954
R-010020122.0110,GACRMGMTWB,Exception,WBS Element not present in Replicon,13094682009|13094683954
R-010020122.0110,GACRFSTFND,Exception,WBS Element not present in Replicon,13094682009|13094683954
R-010020122.0110,GACPI,Exception,WBS Element not present in Replicon,13094682009|13094683954
R-010020122.0110,GACORKWB,Exception,WBS Element not present in Replicon,13094682009|13094683954
R-010020122.0110,GACLKW,Exception,WBS Element not present in Replicon,13094682009|13094683954
R-010020122.0110,GACLASSIC OR,Exception,WBS Element not present in Replicon,13094682009|13094683954
R-010020122.0110,GACCI,Exception,WBS Element not present in Replicon,13094682009|13094683954
R-010020122.0110,GABRDGSUT,Exception,WBS Element not present in Replicon,13094682009|13094683954
R-010020122.0110,GAATS,Exception,WBS Element not present in Replicon,13094682009|13094683954
R-010020122.0110,GAARCHIBUS,Exception,WBS Element not present in Replicon,13094682009|13094683954
R-010020122.0110,GAADPJBS,Exception,WBS Element not present in Replicon,13094682009|13094683954
R-010020122.0110,GAACR,Exception,WBS Element not present in Replicon,13094682009|13094683954
R-010020122.0110,FMSALESCREDI,Exception,WBS Element not present in Replicon,13094682009|13094683954
R-010020122.0110,FMOIC,Exception,WBS Element not present in Replicon,13094682009|13094683954
R-010020122.0110,FMGETPAID,Exception,WBS Element not present in Replicon,13094682009|13094683954
R-010020122.0110,FMDMS,Exception,WBS Element not present in Replicon,13094682009|13094683954
R-010020122.0110,FMCMC,Exception,WBS Element not present in Replicon,13094682009|13094683954
R-010020122.0110,FMACE,Exception,WBS Element not present in Replicon,13094682009|13094683954
R-010020122.0110,ESS,Exception,WBS Element not present in Replicon,13094682009|13094683954
R-010020122.0110,EMCME,Exception,WBS Element not present in Replicon,13094682009|13094683954
R-010020122.0110,EISUB2BINT,Exception,WBS Element not present in Replicon,13094682009|13094683954
R-010020122.0110,EISSPRNGINT,Exception,WBS Element not present in Replicon,13094682009|13094683954
R-010020122.0110,EISSPINT,Exception,WBS Element not present in Replicon,13094682009|13094683954
R-010020122.0110,EISPAINT,Exception,WBS Element not present in Replicon,13094682009|13094683954
R-010020122.0110,EISMERCINT,Exception,WBS Element not present in Replicon,13094682009|13094683954
R-010020122.0110,CSRSO 2.0 (E,Exception,WBS Element not present in Replicon,13094682009|13094683954
R-010020122.0110,CSOPR,Exception,WBS Element not present in Replicon,13094682009|13094683954
R-010020122.0110,CSMSLSFORC,Exception,WBS Element not present in Replicon,13094682009|13094683954
R-010020122.0110,CSMPWRSTRG,Exception,WBS Element not present in Replicon,13094682009|13094683954
R-010020122.0110,CSMOSCR,Exception,WBS Element not present in Replicon,13094682009|13094683954
R-010020122.0110,CSMONTRK,Exception,WBS Element not present in Replicon,13094682009|13094683954
R-010020122.0110,CSMMRM,Exception,WBS Element not present in Replicon,13094682009|13094683954
R-010020122.0110,CSMGMDBP,Exception,WBS Element not present in Replicon,13094682009|13094683954
R-010020122.0110,CSMFALCON,Exception,WBS Element not present in Replicon,13094682009|13094683954
R-010020122.0110,CSMABQS,Exception,WBS Element not present in Replicon,13094682009|13094683954
R-010020122.0110,CPIPRIMUS,Exception,WBS Element not present in Replicon,13094682009|13094683954
R-010020122.0110,CPIPIT,Exception,WBS Element not present in Replicon,13094682009|13094683954
R-010020122.0110,CPIPAWS,Exception,WBS Element not present in Replicon,13094682009|13094683954
R-010020122.0110,CPINGOE,Exception,WBS Element not present in Replicon,13094682009|13094683954
R-010020122.0110,CPILOVADMTL,Exception,WBS Element not present in Replicon,13094682009|13094683954
Number of Records Processed Successfully: 0,Number of Records with Exception: 1153,Number of Records with Errors: 0,,
