WBSELEMENT,TASK,DESCRIPTION,VALID_TO,VALID_FROM,HDR_Material,HDR_VALID_TO,HDR_VALID_FROM,ITM_Material,ITM_VALID_TO,ITM_VALID_FROM,LABOR_TYPE_DESCRIPTION
R-010020122.0004,GAESPPINT,EPAS,20161030,20250331,,,,,,,
R-010020122.0004,GAEPAS,EMPLOYEE PROFILE,20161030,20250331,,,,,,,
R-010020122.0004,GAEMPPROF,EMPLOYEE DIRECTORY,20161030,20250331,,,,,,,
R-010020122.0004,GAEMPDIR,EMCLEGAL,20161030,20250331,,,,,,,
R-010020122.0004,GAEMCLGL,EINSTEIN,20161030,20250331,,,,,,,
R-010020122.0004,GAEINSTN,DSOP,20161030,20250331,,,,,,,
R-010020122.0004,GADSOP,CRISIS MANAGEMENT WEBSITE,20161030,20250331,,,,,,,
R-010020122.0004,GACRMGMTWB,CPI,20161030,20250331,,,,,,,
R-010020122.0004,GACPI,CORK WEBSITE,20161030,20250331,,,,,,,
R-010020122.0004,GACORKWB,CLOCKWISE,20161030,20250331,,,,,,,
R-010020122.0004,GACLKW,CLASSIC ORG CHART,20161030,20250331,,,,,,,
R-010020122.0004,GACLASSIC OR,BRIDGEWAY SUITE ECOUNSEL SECRETARIAT,20161030,20250331,,,,,,,
R-010020122.0004,GABRDGSUT,ATS,20161030,20250331,,,,,,,
R-010020122.0004,GAATS,ARCHIBUS,20161030,20250331,,,,,,,
R-010020122.0004,GAARCHIBUS,ADP JOBS,20161030,20250331,,,,,,,
R-010020122.0004,GAADPJBS,ACR,20161030,20250331,,,,,,,
R-010020122.0004,GAACR,ORACLE 11I APPLICATIONS SALES CREDITS,20161030,20250331,,,,,,,
R-010020122.0004,FMSALESCREDI,ORACLE 11I INCENTIVE COMPENSATION OIC,20161030,20250331,,,,,,,
R-010020122.0004,FMOIC,GET PAID,20161030,20250331,,,,,,,
R-010020122.0004,FMGETPAID,DMS,20161030,20250331,,,,,,,
R-010020122.0004,FMDMS,CMC,20161030,20250331,,,,,,,
R-010020122.0004,FMCMC,ACE,20161030,20250331,,,,,,,
R-010020122.0004,FMACE,ENTERPRISE SEARCH SERVICES,20161030,20250331,,,,,,,
R-010020122.0004,ESS,EMC ME,20161030,20250331,,,,,,,
R-010020122.0004,EMCME,UNISYS B2B MERCATOR INTERFACES,20161030,20250331,,,,,,,
R-010020122.0004,EISUB2BINT,EIS SPRING INTERFACES,20161030,20250331,,,,,,,
R-010020122.0004,EISSPRNGINT,SUPPLYNET WEBMETHODS,20161030,20250331,,,,,,,
R-010020122.0004,EISSPINT,PARTNER AUTOMATION WEBMETHODS,20161030,20250331,,,,,,,
R-010020122.0004,MFGGAF,CYCLE COUNT,20161030,20250331,,,,,,,
R-010020122.0004,MFGCYCLCNT,CLARIIWEB PORTAL,20161030,20250331,,,,,,,
R-010020122.0004,MFGCLRWPTL,ADMIN WEB SITE,20161030,20250331,,,,,,,
R-010020122.0004,MFGADMWB,ACE OUTLOADER,20161030,20250331,,,,,,,
R-010020122.0004,MFGACE OUTLO,JOBS EMC,20161030,20250331,,,,,,,
R-010020122.0004,JOBS@EMC,IDS,20161030,20250331,,,,,,,
R-010020122.0004,IDS,IDENTITY PORTAL,20161030,20250331,,,,,,,
R-010020122.0004,IDENTITYPORT,SYNCPLICITY,20161030,20250331,,,,,,,
R-010020122.0004,IAMSYNC,PEOPLESOFT,20161030,20250331,,,,,,,
R-010020122.0004,GAPPLSFT,ORG PUBLISHER,20161030,20250331,,,,,,,
R-010020122.0004,GAORGPUB,MYPROFILE,20161030,20250331,,,,,,,
R-010020122.0004,GAMYPROF,MARS PURCHASE,20161030,20250331,,,,,,,
R-010020122.0004,GAMRSPRCHS,MARS HR ADMIN,20161030,20250331,,,,,,,
R-010020122.0004,GAMRSHRADM,MARS EMAILER,20161030,20250331,,,,,,,
R-010020122.0004,GAMRSEMLR,MARS,20161030,20250331,,,,,,,
R-010020122.0004,GAMRS,MOVE MANAGEMENT,20161030,20250331,,,,,,,
R-010020122.0004,GAMOVMGMT,MANAGERS TOOLBOX,20161030,20250331,,,,,,,
R-010020122.0004,GAMGRTLBX,JADE ONLINE,20161030,20250331,,,,,,,
R-010020122.0004,GAJADONL,INTERNATIONAL ADDRESS,20161030,20250331,,,,,,,
R-010020122.0004,GAINTADD,IPDC JOBS,20161030,20250331,,,,,,,
R-010020122.0004,GAIDPCJBS,HR LETTER PORTAL,20161030,20250331,,,,,,,
R-010020122.0004,GAHRPORTAL,HR FORMS,20161030,20250331,,,,,,,
R-010020122.0004,GAHRFORM,HR CLOUD APPS NEW APP,20161030,20250331,,,,,,,
R-010020122.0004,GAHRCLDAPS,HR AUTHORIZATION TOOL,20161030,20250331,,,,,,,
R-010020122.0004,GAHRATHTL,GOALS ONLINE,20161030,20250331,,,,,,,
R-010020122.0004,GAGOLONL,FAST START TRACKING,20161030,20250331,,,,,,,
R-010020122.0004,GAFST,FACILITIES WEBSITE,20161030,20250331,,,,,,,
R-010020122.0004,GAFCLTYWB,ESPP INTERNATIONAL,20161030,20250331,,,,,,,
R-010020122.0004,CKMWCMPROD,WEBTOP,20161030,20250331,,,,,,,
R-010020122.0004,CKMWBTOP,INSIDEEMC,20161030,20250331,,,,,,,
R-010020122.0004,CKMINSIDEEMC,EROOM EST,20161030,20250331,,,,,,,
R-010020122.0004,CKMEROOM,EDGE,20161030,20250331,,,,,,,
R-010020122.0004,CKMEDGE,ECN EMC COMMUNITY NETWORK EST,20161030,20250331,,,,,,,
R-010020122.0004,CKMECN,DEPLOY SUPPORT DOCBASE,20161030,20250331,,,,,,,
R-010020122.0004,CKMDSDOCB,DM NOTES,20161030,20250331,,,,,,,
R-010020122.0004,CKMDMNOTS,CM A CENTERSTAGE,20161030,20250331,,,,,,,
R-010020122.0004,CKMCMACS,CHANNEL EMC WEBSITE,20161030,20250331,,,,,,,
R-010020122.0004,CKMCEMCWB,ART,20161030,20250331,,,,,,,
R-010020122.0004,ART,UPD,20161030,20250331,,,,,,,
R-010020122.0004,AMUPD,TRISOFT,20161030,20250331,,,,,,,
R-010020122.0004,AMTRISOFT,TOPIC,20161030,20250331,,,,,,,
R-010020122.0004,AMTOPIC,TMS,20161030,20250331,,,,,,,
R-010020122.0004,AMTMS,SPEED,20161030,20250331,,,,,,,
R-010020122.0004,AMSPEED,SLK,20161030,20250331,,,,,,,
R-010020122.0004,AMSLK,SAP PLM NEW APP,20161030,20250331,,,,,,,
R-010020122.0004,AMSAPPLM,MULTITERM,20161030,20250331,,,,,,,
R-010020122.0004,AMMULTRM,LTA,20161030,20250331,,,,,,,
R-010020122.0004,AMLTA,GAMS,20161030,20250331,,,,,,,
R-010020122.0004,AMGAMS,ESTORE,20161030,20250331,,,,,,,
R-010020122.0004,AMESTORE,ESA,20161030,20250331,,,,,,,
R-010020122.0004,AMESA,EOM PORTAL,20161030,20250331,,,,,,,
R-010020122.0004,AMEOMP,ELMS PORTAL,20161030,20250331,,,,,,,
R-010020122.0004,AMELMSP,ELMS 3 X,20161030,20250331,,,,,,,
R-010020122.0004,AMELMS,ELAB NAVIGATOR,20161030,20250331,,,,,,,
R-010020122.0004,AMELABNAV,CAPTIVA,20161030,20250331,,,,,,,
R-010020122.0004,AMCAPTIVA,ACCOUNT PORTAL,20161030,20250331,,,,,,,
R-010020122.0004,EISPAINT,MERCATOR INTERFACES,20161030,20250331,,,,,,,
R-010020122.0004,EISMERCINT,RSO 2 0 EST,20161030,20250331,,,,,,,
R-010020122.0004,CSRSO 2.0 (E,OPR APPLICATION,20161030,20250331,,,,,,,
R-010020122.0004,CSOPR,EMC SALESFORCE COM EST,20161030,20250331,,,,,,,
R-010020122.0004,CSMSLSFORC,POWERSTEERING LEAN SIX SIGMA,20161030,20250331,,,,,,,
R-010020122.0004,CSMPWRSTRG,OSCAR,20161030,20250331,,,,,,,
R-010020122.0004,CSMOSCR,ONTRACK,20161030,20250331,,,,,,,
R-010020122.0004,CSMONTRK,MARKETING RESOURCE MANAGEMENT,20161030,20250331,,,,,,,
R-010020122.0004,CSMMRM,GLOBAL MARKETING DATABASE PORTAL,20161030,20250331,,,,,,,
R-010020122.0004,CSMGMDBP,FALCON,20161030,20250331,,,,,,,
R-010020122.0004,CSMFALCON,ABQS,20161030,20250331,,,,,,,
R-010020122.0004,CSMABQS,PRIMUS,20161030,20250331,,,,,,,
R-010020122.0004,CPIPRIMUS,PIT,20161030,20250331,,,,,,,
R-010020122.0004,CPIPIT,PAWS,20161030,20250331,,,,,,,
R-010020122.0004,CKMWIKI,WCMPROD,20161030,20250331,,,,,,,
R-010020122.0004,CPI2EMCCOM,WIKI,20161030,20250331,,,,,,,
R-010020122.0004,CPI2ESERVCS,EMC COM,20161030,20250331,,,,,,,
R-010020122.0004,CPI2ESGKBAN,ESERVICES,20161030,20250331,,,,,,,
R-010020122.0004,CPI2SESGKB,ESGKB ANUBIS DOCBASE,20161030,20250331,,,,,,,
R-010020122.0004,CPICSDRVWB,ESG KNOWLEDGEBASE,20161030,20250331,,,,,,,
R-010020122.0004,CPICSLIB,CAPTIVA SCANNER DRIVER WEB,20161030,20250331,,,,,,,
R-010020122.0004,CPIPAWS,NGOE MUP,20161030,20250331,,,,,,,
R-010020122.0004,CPINGOE,LOV ADMIN TOOL,20161030,20250331,,,,,,,
R-010020122.0004,CPILOVADMTL,ISSUE TRACKER,20161030,20250331,,,,,,,
R-010020122.0004,CPIISSTRCK,ESERVICE PRODUCT PAGE,20161030,20250331,,,,,,,
R-010020122.0004,CPIESRVATCH,CAPTIVA SCANNER LIBRARY NEW APP,20161030,20250331,,,,,,,
R-010020122.0004,CPIESRVCHT,ESERVICE ATTACHMENTS,20161030,20250331,,,,,,,
R-010020122.0004,CPIESRVPDPG,ESERVICE CHAT,20161030,20250331,,,,,,,
R-010020122.0005,FMGETPAID,DMS,20161030,20250331,,,,,,,
R-010020122.0005,FMOIC,GET PAID,20161030,20250331,,,,,,,
R-010020122.0005,FMSALESCREDI,ORACLE 11I INCENTIVE COMPENSATION OIC,20161030,20250331,,,,,,,
R-010020122.0005,FMDMS,CMC,20161030,20250331,,,,,,,
R-010020122.0005,FMCMC,ACE,20161030,20250331,,,,,,,
R-010020122.0005,FMACE,ENTERPRISE SEARCH SERVICES,20161030,20250331,,,,,,,
R-010020122.0005,GAACR,ORACLE 11I APPLICATIONS SALES CREDITS,20161030,20250331,,,,,,,
R-010020122.0005,GAADPJBS,ACR,20161030,20250331,,,,,,,
R-010020122.0005,GAARCHIBUS,ADP JOBS,20161030,20250331,,,,,,,
R-010020122.0005,GAATS,ARCHIBUS,20161030,20250331,,,,,,,
R-010020122.0005,GABRDGSUT,ATS,20161030,20250331,,,,,,,
R-010020122.0005,GACLASSIC OR,BRIDGEWAY SUITE ECOUNSEL SECRETARIAT,20161030,20250331,,,,,,,
R-010020122.0005,ESS,EMC ME,20161030,20250331,,,,,,,
R-010020122.0005,EMCME,UNISYS B2B MERCATOR INTERFACES,20161030,20250331,,,,,,,
R-010020122.0005,EISUB2BINT,EIS SPRING INTERFACES,20161030,20250331,,,,,,,
R-010020122.0005,EISSPRNGINT,SUPPLYNET WEBMETHODS,20161030,20250331,,,,,,,
R-010020122.0005,EISSPINT,PARTNER AUTOMATION WEBMETHODS,20161030,20250331,,,,,,,
R-010020122.0005,EISPAINT,MERCATOR INTERFACES,20161030,20250331,,,,,,,
R-010020122.0005,EISMERCINT,RSO 2 0 EST,20161030,20250331,,,,,,,
R-010020122.0005,CSRSO 2.0 (E,OPR APPLICATION,20161030,20250331,,,,,,,
R-010020122.0005,CSOPR,EMC SALESFORCE COM EST,20161030,20250331,,,,,,,
R-010020122.0005,CSMSLSFORC,POWERSTEERING LEAN SIX SIGMA,20161030,20250331,,,,,,,
R-010020122.0005,CSMPWRSTRG,OSCAR,20161030,20250331,,,,,,,
R-010020122.0005,CSMOSCR,ONTRACK,20161030,20250331,,,,,,,
R-010020122.0005,GAMRS,MOVE MANAGEMENT,20161030,20250331,,,,,,,
R-010020122.0005,GAMOVMGMT,MANAGERS TOOLBOX,20161030,20250331,,,,,,,
R-010020122.0005,GAMGRTLBX,JADE ONLINE,20161030,20250331,,,,,,,
R-010020122.0005,GAJADONL,INTERNATIONAL ADDRESS,20161030,20250331,,,,,,,
R-010020122.0005,GAINTADD,IPDC JOBS,20161030,20250331,,,,,,,
R-010020122.0005,GAIDPCJBS,HR LETTER PORTAL,20161030,20250331,,,,,,,
R-010020122.0005,GAHRPORTAL,HR FORMS,20161030,20250331,,,,,,,
R-010020122.0005,GAHRFORM,HR CLOUD APPS NEW APP,20161030,20250331,,,,,,,
R-010020122.0005,GAHRCLDAPS,HR AUTHORIZATION TOOL,20161030,20250331,,,,,,,
R-010020122.0005,GAHRATHTL,GOALS ONLINE,20161030,20250331,,,,,,,
R-010020122.0005,GAGOLONL,FAST START TRACKING,20161030,20250331,,,,,,,
R-010020122.0005,GAFST,FACILITIES WEBSITE,20161030,20250331,,,,,,,
R-010020122.0005,GAFCLTYWB,ESPP INTERNATIONAL,20161030,20250331,,,,,,,
R-010020122.0005,GAESPPINT,EPAS,20161030,20250331,,,,,,,
R-010020122.0005,GAEPAS,EMPLOYEE PROFILE,20161030,20250331,,,,,,,
R-010020122.0005,GAEMPPROF,EMPLOYEE DIRECTORY,20161030,20250331,,,,,,,
R-010020122.0005,GAEMPDIR,EMCLEGAL,20161030,20250331,,,,,,,
R-010020122.0005,GAEMCLGL,EINSTEIN,20161030,20250331,,,,,,,
R-010020122.0005,GAEINSTN,DSOP,20161030,20250331,,,,,,,
R-010020122.0005,GADSOP,CRISIS MANAGEMENT WEBSITE,20161030,20250331,,,,,,,
R-010020122.0005,GACRMGMTWB,CPI,20161030,20250331,,,,,,,
R-010020122.0005,GACPI,CORK WEBSITE,20161030,20250331,,,,,,,
R-010020122.0005,GACORKWB,CLOCKWISE,20161030,20250331,,,,,,,
R-010020122.0005,GACLKW,CLASSIC ORG CHART,20161030,20250331,,,,,,,
R-010020122.0005,CSMONTRK,MARKETING RESOURCE MANAGEMENT,20161030,20250331,,,,,,,
R-010020122.0005,CKMEDGE,ECN EMC COMMUNITY NETWORK EST,20161030,20250331,,,,,,,
R-010020122.0005,CKMECN,DEPLOY SUPPORT DOCBASE,20161030,20250331,,,,,,,
R-010020122.0005,CKMDSDOCB,DM NOTES,20161030,20250331,,,,,,,
R-010020122.0005,CKMDMNOTS,CM A CENTERSTAGE,20161030,20250331,,,,,,,
R-010020122.0005,CKMCMACS,CHANNEL EMC WEBSITE,20161030,20250331,,,,,,,
R-010020122.0005,CKMCEMCWB,ART,20161030,20250331,,,,,,,
R-010020122.0005,ART,UPD,20161030,20250331,,,,,,,
R-010020122.0005,AMUPD,TRISOFT,20161030,20250331,,,,,,,
R-010020122.0005,AMTRISOFT,TOPIC,20161030,20250331,,,,,,,
R-010020122.0005,AMTOPIC,TMS,20161030,20250331,,,,,,,
R-010020122.0005,AMTMS,SPEED,20161030,20250331,,,,,,,
R-010020122.0005,AMSPEED,SLK,20161030,20250331,,,,,,,
R-010020122.0005,AMSLK,SAP PLM NEW APP,20161030,20250331,,,,,,,
R-010020122.0005,AMSAPPLM,MULTITERM,20161030,20250331,,,,,,,
R-010020122.0005,AMMULTRM,LTA,20161030,20250331,,,,,,,
R-010020122.0005,AMLTA,GAMS,20161030,20250331,,,,,,,
R-010020122.0005,AMGAMS,ESTORE,20161030,20250331,,,,,,,
R-010020122.0005,AMESTORE,ESA,20161030,20250331,,,,,,,
R-010020122.0005,AMESA,EOM PORTAL,20161030,20250331,,,,,,,
R-010020122.0005,AMEOMP,ELMS PORTAL,20161030,20250331,,,,,,,
R-010020122.0005,AMELMSP,ELMS 3 X,20161030,20250331,,,,,,,
R-010020122.0005,AMELMS,ELAB NAVIGATOR,20161030,20250331,,,,,,,
R-010020122.0005,AMELABNAV,CAPTIVA,20161030,20250331,,,,,,,
R-010020122.0005,AMCAPTIVA,ACCOUNT PORTAL,20161030,20250331,,,,,,,
R-010020122.0005,CSMMRM,GLOBAL MARKETING DATABASE PORTAL,20161030,20250331,,,,,,,
R-010020122.0005,CSMGMDBP,FALCON,20161030,20250331,,,,,,,
R-010020122.0005,CSMFALCON,ABQS,20161030,20250331,,,,,,,
R-010020122.0005,CSMABQS,PRIMUS,20161030,20250331,,,,,,,
R-010020122.0005,CPIPRIMUS,PIT,20161030,20250331,,,,,,,
R-010020122.0005,CPIPIT,PAWS,20161030,20250331,,,,,,,
R-010020122.0005,CPIPAWS,NGOE MUP,20161030,20250331,,,,,,,
R-010020122.0005,CPINGOE,LOV ADMIN TOOL,20161030,20250331,,,,,,,
R-010020122.0005,CPILOVADMTL,ISSUE TRACKER,20161030,20250331,,,,,,,
R-010020122.0005,CPIISSTRCK,ESERVICE PRODUCT PAGE,20161030,20250331,,,,,,,
R-010020122.0005,CPIESRVPDPG,ESERVICE CHAT,20161030,20250331,,,,,,,
R-010020122.0005,CPIESRVCHT,ESERVICE ATTACHMENTS,20161030,20250331,,,,,,,
R-010020122.0005,CKMEROOM,EDGE,20161030,20250331,,,,,,,
R-010020122.0005,CKMINSIDEEMC,EROOM EST,20161030,20250331,,,,,,,
R-010020122.0005,CKMWBTOP,INSIDEEMC,20161030,20250331,,,,,,,
R-010020122.0005,CKMWCMPROD,WEBTOP,20161030,20250331,,,,,,,
R-010020122.0005,CKMWIKI,WCMPROD,20161030,20250331,,,,,,,
R-010020122.0005,CPI2EMCCOM,WIKI,20161030,20250331,,,,,,,
R-010020122.0005,CPI2ESERVCS,EMC COM,20161030,20250331,,,,,,,
R-010020122.0005,CPI2ESGKBAN,ESERVICES,20161030,20250331,,,,,,,
R-010020122.0005,CPI2SESGKB,ESGKB ANUBIS DOCBASE,20161030,20250331,,,,,,,
R-010020122.0005,CPICSDRVWB,ESG KNOWLEDGEBASE,20161030,20250331,,,,,,,
R-010020122.0005,CPICSLIB,CAPTIVA SCANNER DRIVER WEB,20161030,20250331,,,,,,,
R-010020122.0005,CPIESRVATCH,CAPTIVA SCANNER LIBRARY NEW APP,20161030,20250331,,,,,,,
R-010020122.0006,GACLASSIC OR,BRIDGEWAY SUITE ECOUNSEL SECRETARIAT,20161030,20250331,,,,,,,
R-010020122.0006,GABRDGSUT,ATS,20161030,20250331,,,,,,,
R-010020122.0006,GAATS,ARCHIBUS,20161030,20250331,,,,,,,
R-010020122.0006,GAARCHIBUS,ADP JOBS,20161030,20250331,,,,,,,
R-010020122.0006,GAADPJBS,ACR,20161030,20250331,,,,,,,
R-010020122.0006,GAACR,ORACLE 11I APPLICATIONS SALES CREDITS,20161030,20250331,,,,,,,
R-010020122.0006,FMSALESCREDI,ORACLE 11I INCENTIVE COMPENSATION OIC,20161030,20250331,,,,,,,
R-010020122.0006,FMOIC,GET PAID,20161030,20250331,,,,,,,
R-010020122.0006,FMGETPAID,DMS,20161030,20250331,,,,,,,
R-010020122.0006,FMDMS,CMC,20161030,20250331,,,,,,,
R-010020122.0006,FMCMC,ACE,20161030,20250331,,,,,,,
R-010020122.0006,FMACE,ENTERPRISE SEARCH SERVICES,20161030,20250331,,,,,,,
R-010020122.0006,ESS,EMC ME,20161030,20250331,,,,,,,
R-010020122.0006,EMCME,UNISYS B2B MERCATOR INTERFACES,20161030,20250331,,,,,,,
R-010020122.0006,EISUB2BINT,EIS SPRING INTERFACES,20161030,20250331,,,,,,,
R-010020122.0006,EISSPRNGINT,SUPPLYNET WEBMETHODS,20161030,20250331,,,,,,,
R-010020122.0006,EISSPINT,PARTNER AUTOMATION WEBMETHODS,20161030,20250331,,,,,,,
R-010020122.0006,EISPAINT,MERCATOR INTERFACES,20161030,20250331,,,,,,,
R-010020122.0006,EISMERCINT,RSO 2 0 EST,20161030,20250331,,,,,,,
R-010020122.0006,CSRSO 2.0 (E,OPR APPLICATION,20161030,20250331,,,,,,,
R-010020122.0006,CSOPR,EMC SALESFORCE COM EST,20161030,20250331,,,,,,,
R-010020122.0006,CSMSLSFORC,POWERSTEERING LEAN SIX SIGMA,20161030,20250331,,,,,,,
R-010020122.0006,CSMPWRSTRG,OSCAR,20161030,20250331,,,,,,,
R-010020122.0006,CSMOSCR,ONTRACK,20161030,20250331,,,,,,,
R-010020122.0006,GAMRS,MOVE MANAGEMENT,20161030,20250331,,,,,,,
R-010020122.0006,GAMOVMGMT,MANAGERS TOOLBOX,20161030,20250331,,,,,,,
R-010020122.0006,GAMGRTLBX,JADE ONLINE,20161030,20250331,,,,,,,
R-010020122.0006,GAJADONL,INTERNATIONAL ADDRESS,20161030,20250331,,,,,,,
R-010020122.0006,GAINTADD,IPDC JOBS,20161030,20250331,,,,,,,
R-010020122.0006,GAIDPCJBS,HR LETTER PORTAL,20161030,20250331,,,,,,,
R-010020122.0006,GAHRPORTAL,HR FORMS,20161030,20250331,,,,,,,
R-010020122.0006,GAHRFORM,HR CLOUD APPS NEW APP,20161030,20250331,,,,,,,
R-010020122.0006,GAHRCLDAPS,HR AUTHORIZATION TOOL,20161030,20250331,,,,,,,
R-010020122.0006,GAHRATHTL,GOALS ONLINE,20161030,20250331,,,,,,,
R-010020122.0006,GAGOLONL,FAST START TRACKING,20161030,20250331,,,,,,,
R-010020122.0006,GAFST,FACILITIES WEBSITE,20161030,20250331,,,,,,,
R-010020122.0006,GAFCLTYWB,ESPP INTERNATIONAL,20161030,20250331,,,,,,,
R-010020122.0006,GAESPPINT,EPAS,20161030,20250331,,,,,,,
R-010020122.0006,GAEPAS,EMPLOYEE PROFILE,20161030,20250331,,,,,,,
R-010020122.0006,GAEMPPROF,EMPLOYEE DIRECTORY,20161030,20250331,,,,,,,
R-010020122.0006,GAEMPDIR,EMCLEGAL,20161030,20250331,,,,,,,
R-010020122.0006,GAEMCLGL,EINSTEIN,20161030,20250331,,,,,,,
R-010020122.0006,GAEINSTN,DSOP,20161030,20250331,,,,,,,
R-010020122.0006,GADSOP,CRISIS MANAGEMENT WEBSITE,20161030,20250331,,,,,,,
R-010020122.0006,GACRMGMTWB,CPI,20161030,20250331,,,,,,,
R-010020122.0006,GACPI,CORK WEBSITE,20161030,20250331,,,,,,,
R-010020122.0006,GACORKWB,CLOCKWISE,20161030,20250331,,,,,,,
R-010020122.0006,GACLKW,CLASSIC ORG CHART,20161030,20250331,,,,,,,
R-010020122.0006,CSMONTRK,MARKETING RESOURCE MANAGEMENT,20161030,20250331,,,,,,,
R-010020122.0006,CKMEDGE,ECN EMC COMMUNITY NETWORK EST,20161030,20250331,,,,,,,
R-010020122.0006,CKMECN,DEPLOY SUPPORT DOCBASE,20161030,20250331,,,,,,,
R-010020122.0006,CKMDSDOCB,DM NOTES,20161030,20250331,,,,,,,
R-010020122.0006,CKMDMNOTS,CM A CENTERSTAGE,20161030,20250331,,,,,,,
R-010020122.0006,CKMCMACS,CHANNEL EMC WEBSITE,20161030,20250331,,,,,,,
R-010020122.0006,CKMCEMCWB,ART,20161030,20250331,,,,,,,
R-010020122.0006,ART,UPD,20161030,20250331,,,,,,,
R-010020122.0006,AMUPD,TRISOFT,20161030,20250331,,,,,,,
R-010020122.0006,AMTRISOFT,TOPIC,20161030,20250331,,,,,,,
R-010020122.0006,AMTOPIC,TMS,20161030,20250331,,,,,,,
R-010020122.0006,AMTMS,SPEED,20161030,20250331,,,,,,,
R-010020122.0006,AMSPEED,SLK,20161030,20250331,,,,,,,
R-010020122.0006,AMSLK,SAP PLM NEW APP,20161030,20250331,,,,,,,
R-010020122.0006,AMSAPPLM,MULTITERM,20161030,20250331,,,,,,,
R-010020122.0006,AMMULTRM,LTA,20161030,20250331,,,,,,,
R-010020122.0006,AMLTA,GAMS,20161030,20250331,,,,,,,
R-010020122.0006,AMGAMS,ESTORE,20161030,20250331,,,,,,,
R-010020122.0006,AMESTORE,ESA,20161030,20250331,,,,,,,
R-010020122.0006,AMESA,EOM PORTAL,20161030,20250331,,,,,,,
R-010020122.0006,AMEOMP,ELMS PORTAL,20161030,20250331,,,,,,,
R-010020122.0006,AMELMSP,ELMS 3 X,20161030,20250331,,,,,,,
R-010020122.0006,AMELMS,ELAB NAVIGATOR,20161030,20250331,,,,,,,
R-010020122.0006,AMELABNAV,CAPTIVA,20161030,20250331,,,,,,,
R-010020122.0006,AMCAPTIVA,ACCOUNT PORTAL,20161030,20250331,,,,,,,
R-010020122.0006,CSMMRM,GLOBAL MARKETING DATABASE PORTAL,20161030,20250331,,,,,,,
R-010020122.0006,CSMGMDBP,FALCON,20161030,20250331,,,,,,,
R-010020122.0006,CSMFALCON,ABQS,20161030,20250331,,,,,,,
R-010020122.0006,CSMABQS,PRIMUS,20161030,20250331,,,,,,,
R-010020122.0006,CPIPRIMUS,PIT,20161030,20250331,,,,,,,
R-010020122.0006,CPIPIT,PAWS,20161030,20250331,,,,,,,
R-010020122.0006,CPIPAWS,NGOE MUP,20161030,20250331,,,,,,,
R-010020122.0006,CPINGOE,LOV ADMIN TOOL,20161030,20250331,,,,,,,
R-010020122.0006,CPILOVADMTL,ISSUE TRACKER,20161030,20250331,,,,,,,
R-010020122.0006,CPIISSTRCK,ESERVICE PRODUCT PAGE,20161030,20250331,,,,,,,
R-010020122.0006,CPIESRVPDPG,ESERVICE CHAT,20161030,20250331,,,,,,,
R-010020122.0006,CPIESRVCHT,ESERVICE ATTACHMENTS,20161030,20250331,,,,,,,
R-010020122.0006,CPIESRVATCH,CAPTIVA SCANNER LIBRARY NEW APP,20161030,20250331,,,,,,,
R-010020122.0006,CPICSLIB,CAPTIVA SCANNER DRIVER WEB,20161030,20250331,,,,,,,
R-010020122.0006,CPICSDRVWB,ESG KNOWLEDGEBASE,20161030,20250331,,,,,,,
R-010020122.0006,CPI2SESGKB,ESGKB ANUBIS DOCBASE,20161030,20250331,,,,,,,
R-010020122.0006,CPI2ESGKBAN,ESERVICES,20161030,20250331,,,,,,,
R-010020122.0006,CPI2ESERVCS,EMC COM,20161030,20250331,,,,,,,
R-010020122.0006,CPI2EMCCOM,WIKI,20161030,20250331,,,,,,,
R-010020122.0006,CKMWIKI,WCMPROD,20161030,20250331,,,,,,,
R-010020122.0006,CKMWCMPROD,WEBTOP,20161030,20250331,,,,,,,
R-010020122.0006,CKMWBTOP,INSIDEEMC,20161030,20250331,,,,,,,
R-010020122.0006,CKMINSIDEEMC,EROOM EST,20161030,20250331,,,,,,,
R-010020122.0006,CKMEROOM,EDGE,20161030,20250331,,,,,,,
R-010020122.0008,GAATS,ARCHIBUS,20161030,20250331,,,,,,,
R-010020122.0008,GABRDGSUT,ATS,20161030,20250331,,,,,,,
R-010020122.0008,GACLASSIC OR,BRIDGEWAY SUITE ECOUNSEL SECRETARIAT,20161030,20250331,,,,,,,
R-010020122.0008,GACLKW,CLASSIC ORG CHART,20161030,20250331,,,,,,,
R-010020122.0008,GACORKWB,CLOCKWISE,20161030,20250331,,,,,,,
R-010020122.0008,GACPI,CORK WEBSITE,20161030,20250331,,,,,,,
R-010020122.0008,GACRMGMTWB,CPI,20161030,20250331,,,,,,,
R-010020122.0008,GADSOP,CRISIS MANAGEMENT WEBSITE,20161030,20250331,,,,,,,
R-010020122.0008,GAEINSTN,DSOP,20161030,20250331,,,,,,,
R-010020122.0008,GAEMCLGL,EINSTEIN,20161030,20250331,,,,,,,
R-010020122.0008,GAEMPDIR,EMCLEGAL,20161030,20250331,,,,,,,
R-010020122.0008,GAEMPPROF,EMPLOYEE DIRECTORY,20161030,20250331,,,,,,,
R-010020122.0008,GAEPAS,EMPLOYEE PROFILE,20161030,20250331,,,,,,,
R-010020122.0008,GAESPPINT,EPAS,20161030,20250331,,,,,,,
R-010020122.0008,GAARCHIBUS,ADP JOBS,20161030,20250331,,,,,,,
R-010020122.0008,GAADPJBS,ACR,20161030,20250331,,,,,,,
R-010020122.0008,GAACR,ORACLE 11I APPLICATIONS SALES CREDITS,20161030,20250331,,,,,,,
R-010020122.0008,FMSALESCREDI,ORACLE 11I INCENTIVE COMPENSATION OIC,20161030,20250331,,,,,,,
R-010020122.0008,FMOIC,GET PAID,20161030,20250331,,,,,,,
R-010020122.0008,FMGETPAID,DMS,20161030,20250331,,,,,,,
R-010020122.0008,FMDMS,CMC,20161030,20250331,,,,,,,
R-010020122.0008,FMCMC,ACE,20161030,20250331,,,,,,,
R-010020122.0008,FMACE,ENTERPRISE SEARCH SERVICES,20161030,20250331,,,,,,,
R-010020122.0008,ESS,EMC ME,20161030,20250331,,,,,,,
R-010020122.0008,EMCME,UNISYS B2B MERCATOR INTERFACES,20161030,20250331,,,,,,,
R-010020122.0008,EISUB2BINT,EIS SPRING INTERFACES,20161030,20250331,,,,,,,
R-010020122.0008,EISSPRNGINT,SUPPLYNET WEBMETHODS,20161030,20250331,,,,,,,
R-010020122.0008,EISSPINT,PARTNER AUTOMATION WEBMETHODS,20161030,20250331,,,,,,,
R-010020122.0008,MFGGAF,CYCLE COUNT,20161030,20250331,,,,,,,
R-010020122.0008,MFGCYCLCNT,CLARIIWEB PORTAL,20161030,20250331,,,,,,,
R-010020122.0008,MFGCLRWPTL,ADMIN WEB SITE,20161030,20250331,,,,,,,
R-010020122.0008,MFGADMWB,ACE OUTLOADER,20161030,20250331,,,,,,,
R-010020122.0008,MFGACE OUTLO,JOBS EMC,20161030,20250331,,,,,,,
R-010020122.0008,JOBS@EMC,IDS,20161030,20250331,,,,,,,
R-010020122.0008,IDS,IDENTITY PORTAL,20161030,20250331,,,,,,,
R-010020122.0008,IDENTITYPORT,SYNCPLICITY,20161030,20250331,,,,,,,
R-010020122.0008,IAMSYNC,PEOPLESOFT,20161030,20250331,,,,,,,
R-010020122.0008,GAPPLSFT,ORG PUBLISHER,20161030,20250331,,,,,,,
R-010020122.0008,GAORGPUB,MYPROFILE,20161030,20250331,,,,,,,
R-010020122.0008,GAMYPROF,MARS PURCHASE,20161030,20250331,,,,,,,
R-010020122.0008,GAMRSPRCHS,MARS HR ADMIN,20161030,20250331,,,,,,,
R-010020122.0008,GAMRSHRADM,MARS EMAILER,20161030,20250331,,,,,,,
R-010020122.0008,GAMRSEMLR,MARS,20161030,20250331,,,,,,,
R-010020122.0008,GAMRS,MOVE MANAGEMENT,20161030,20250331,,,,,,,
R-010020122.0008,GAMOVMGMT,MANAGERS TOOLBOX,20161030,20250331,,,,,,,
R-010020122.0008,GAMGRTLBX,JADE ONLINE,20161030,20250331,,,,,,,
R-010020122.0008,GAJADONL,INTERNATIONAL ADDRESS,20161030,20250331,,,,,,,
R-010020122.0008,GAINTADD,IPDC JOBS,20161030,20250331,,,,,,,
R-010020122.0008,GAIDPCJBS,HR LETTER PORTAL,20161030,20250331,,,,,,,
R-010020122.0008,GAHRPORTAL,HR FORMS,20161030,20250331,,,,,,,
R-010020122.0008,GAHRFORM,HR CLOUD APPS NEW APP,20161030,20250331,,,,,,,
R-010020122.0008,GAHRCLDAPS,HR AUTHORIZATION TOOL,20161030,20250331,,,,,,,
R-010020122.0008,GAHRATHTL,GOALS ONLINE,20161030,20250331,,,,,,,
R-010020122.0008,GAGOLONL,FAST START TRACKING,20161030,20250331,,,,,,,
R-010020122.0008,GAFST,FACILITIES WEBSITE,20161030,20250331,,,,,,,
R-010020122.0008,GAFCLTYWB,ESPP INTERNATIONAL,20161030,20250331,,,,,,,
R-010020122.0008,CKMWCMPROD,WEBTOP,20161030,20250331,,,,,,,
R-010020122.0008,CKMWBTOP,INSIDEEMC,20161030,20250331,,,,,,,
R-010020122.0008,CKMINSIDEEMC,EROOM EST,20161030,20250331,,,,,,,
R-010020122.0008,CKMEROOM,EDGE,20161030,20250331,,,,,,,
R-010020122.0008,CKMEDGE,ECN EMC COMMUNITY NETWORK EST,20161030,20250331,,,,,,,
R-010020122.0008,CKMECN,DEPLOY SUPPORT DOCBASE,20161030,20250331,,,,,,,
R-010020122.0008,CKMDSDOCB,DM NOTES,20161030,20250331,,,,,,,
R-010020122.0008,CKMDMNOTS,CM A CENTERSTAGE,20161030,20250331,,,,,,,
R-010020122.0008,CKMCMACS,CHANNEL EMC WEBSITE,20161030,20250331,,,,,,,
R-010020122.0008,CKMCEMCWB,ART,20161030,20250331,,,,,,,
R-010020122.0008,ART,UPD,20161030,20250331,,,,,,,
R-010020122.0008,AMUPD,TRISOFT,20161030,20250331,,,,,,,
R-010020122.0008,AMTRISOFT,TOPIC,20161030,20250331,,,,,,,
R-010020122.0008,AMTOPIC,TMS,20161030,20250331,,,,,,,
R-010020122.0008,AMTMS,SPEED,20161030,20250331,,,,,,,
R-010020122.0008,AMSPEED,SLK,20161030,20250331,,,,,,,
R-010020122.0008,AMSLK,SAP PLM NEW APP,20161030,20250331,,,,,,,
R-010020122.0008,AMSAPPLM,MULTITERM,20161030,20250331,,,,,,,
R-010020122.0008,AMMULTRM,LTA,20161030,20250331,,,,,,,
R-010020122.0008,AMLTA,GAMS,20161030,20250331,,,,,,,
R-010020122.0008,AMGAMS,ESTORE,20161030,20250331,,,,,,,
R-010020122.0008,AMESTORE,ESA,20161030,20250331,,,,,,,
R-010020122.0008,AMESA,EOM PORTAL,20161030,20250331,,,,,,,
R-010020122.0008,AMEOMP,ELMS PORTAL,20161030,20250331,,,,,,,
R-010020122.0008,AMELMSP,ELMS 3 X,20161030,20250331,,,,,,,
R-010020122.0008,AMELMS,ELAB NAVIGATOR,20161030,20250331,,,,,,,
R-010020122.0008,AMELABNAV,CAPTIVA,20161030,20250331,,,,,,,
R-010020122.0008,AMCAPTIVA,ACCOUNT PORTAL,20161030,20250331,,,,,,,
R-010020122.0008,EISPAINT,MERCATOR INTERFACES,20161030,20250331,,,,,,,
R-010020122.0008,EISMERCINT,RSO 2 0 EST,20161030,20250331,,,,,,,
R-010020122.0008,CSRSO 2.0 (E,OPR APPLICATION,20161030,20250331,,,,,,,
R-010020122.0008,CSOPR,EMC SALESFORCE COM EST,20161030,20250331,,,,,,,
R-010020122.0008,CSMSLSFORC,POWERSTEERING LEAN SIX SIGMA,20161030,20250331,,,,,,,
R-010020122.0008,CSMPWRSTRG,OSCAR,20161030,20250331,,,,,,,
R-010020122.0008,CSMOSCR,ONTRACK,20161030,20250331,,,,,,,
R-010020122.0008,CSMONTRK,MARKETING RESOURCE MANAGEMENT,20161030,20250331,,,,,,,
R-010020122.0008,CSMMRM,GLOBAL MARKETING DATABASE PORTAL,20161030,20250331,,,,,,,
R-010020122.0008,CSMGMDBP,FALCON,20161030,20250331,,,,,,,
R-010020122.0008,CSMFALCON,ABQS,20161030,20250331,,,,,,,
R-010020122.0008,CSMABQS,PRIMUS,20161030,20250331,,,,,,,
R-010020122.0008,CPIPRIMUS,PIT,20161030,20250331,,,,,,,
R-010020122.0008,CPIPIT,PAWS,20161030,20250331,,,,,,,
R-010020122.0008,CKMWIKI,WCMPROD,20161030,20250331,,,,,,,
R-010020122.0008,CPI2EMCCOM,WIKI,20161030,20250331,,,,,,,
R-010020122.0008,CPI2ESERVCS,EMC COM,20161030,20250331,,,,,,,
R-010020122.0008,CPI2ESGKBAN,ESERVICES,20161030,20250331,,,,,,,
R-010020122.0008,CPI2SESGKB,ESGKB ANUBIS DOCBASE,20161030,20250331,,,,,,,
R-010020122.0008,CPICSDRVWB,ESG KNOWLEDGEBASE,20161030,20250331,,,,,,,
R-010020122.0008,CPICSLIB,CAPTIVA SCANNER DRIVER WEB,20161030,20250331,,,,,,,
R-010020122.0008,CPIESRVATCH,CAPTIVA SCANNER LIBRARY NEW APP,20161030,20250331,,,,,,,
R-010020122.0008,CPIESRVCHT,ESERVICE ATTACHMENTS,20161030,20250331,,,,,,,
R-010020122.0008,CPIESRVPDPG,ESERVICE CHAT,20161030,20250331,,,,,,,
R-010020122.0008,CPIISSTRCK,ESERVICE PRODUCT PAGE,20161030,20250331,,,,,,,
R-010020122.0008,CPILOVADMTL,ISSUE TRACKER,20161030,20250331,,,,,,,
R-010020122.0008,CPINGOE,LOV ADMIN TOOL,20161030,20250331,,,,,,,
R-010020122.0008,CPIPAWS,NGOE MUP,20161030,20250331,,,,,,,
R-010020122.0011,GAMRSEMLR,MARS,20161030,20250331,,,,,,,
R-010020122.0011,GAMRSHRADM,MARS EMAILER,20161030,20250331,,,,,,,
R-010020122.0011,GAMRSPRCHS,MARS HR ADMIN,20161030,20250331,,,,,,,
R-010020122.0011,GAMYPROF,MARS PURCHASE,20161030,20250331,,,,,,,
R-010020122.0011,GAORGPUB,MYPROFILE,20161030,20250331,,,,,,,
R-010020122.0011,GAPPLSFT,ORG PUBLISHER,20161030,20250331,,,,,,,
R-010020122.0011,IAMSYNC,PEOPLESOFT,20161030,20250331,,,,,,,
R-010020122.0011,IDENTITYPORT,SYNCPLICITY,20161030,20250331,,,,,,,
R-010020122.0011,IDS,IDENTITY PORTAL,20161030,20250331,,,,,,,
R-010020122.0011,JOBS@EMC,IDS,20161030,20250331,,,,,,,
R-010020122.0011,MFGACE OUTLO,JOBS EMC,20161030,20250331,,,,,,,
R-010020122.0011,MFGADMWB,ACE OUTLOADER,20161030,20250331,,,,,,,
R-010020122.0011,MFGCLRWPTL,ADMIN WEB SITE,20161030,20250331,,,,,,,
R-010020122.0011,MFGCYCLCNT,CLARIIWEB PORTAL,20161030,20250331,,,,,,,
R-010020122.0011,MFGGAF,CYCLE COUNT,20161030,20250331,,,,,,,
R-010020122.0011,MFGGEKNBN,GLOBAL ALLOCATOR FRANKLIN,20161030,20250331,,,,,,,
R-010020122.0011,MFGGEMSTN,GLOBAL EKANBAN,20161030,20250331,,,,,,,
R-010020122.0011,MFGHRGBLWB,GEMSTONE,20161030,20250331,,,,,,,
R-010020122.0011,MFGMANCOM,HR GLOBAL WEBSITE,20161030,20250331,,,,,,,
R-010020122.0011,MFGMDOCWB,MANUFACTURING COMMUNICATES,20161030,20250331,,,,,,,
R-010020122.0011,GAMRS,MOVE MANAGEMENT,20161030,20250331,,,,,,,
R-010020122.0011,GAMOVMGMT,MANAGERS TOOLBOX,20161030,20250331,,,,,,,
R-010020122.0011,GAMGRTLBX,JADE ONLINE,20161030,20250331,,,,,,,
R-010020122.0011,GAJADONL,INTERNATIONAL ADDRESS,20161030,20250331,,,,,,,
R-010020122.0011,GAINTADD,IPDC JOBS,20161030,20250331,,,,,,,
R-010020122.0011,GAIDPCJBS,HR LETTER PORTAL,20161030,20250331,,,,,,,
R-010020122.0011,GAHRPORTAL,HR FORMS,20161030,20250331,,,,,,,
R-010020122.0011,GAHRFORM,HR CLOUD APPS NEW APP,20161030,20250331,,,,,,,
R-010020122.0011,GAHRCLDAPS,HR AUTHORIZATION TOOL,20161030,20250331,,,,,,,
R-010020122.0011,GAHRATHTL,GOALS ONLINE,20161030,20250331,,,,,,,
R-010020122.0011,GAGOLONL,FAST START TRACKING,20161030,20250331,,,,,,,
R-010020122.0011,GAFST,FACILITIES WEBSITE,20161030,20250331,,,,,,,
R-010020122.0011,GAFCLTYWB,ESPP INTERNATIONAL,20161030,20250331,,,,,,,
R-010020122.0011,GAESPPINT,EPAS,20161030,20250331,,,,,,,
R-010020122.0011,GAEPAS,EMPLOYEE PROFILE,20161030,20250331,,,,,,,
R-010020122.0011,GAEMPPROF,EMPLOYEE DIRECTORY,20161030,20250331,,,,,,,
R-010020122.0011,GAEMPDIR,EMCLEGAL,20161030,20250331,,,,,,,
R-010020122.0011,GAEMCLGL,EINSTEIN,20161030,20250331,,,,,,,
R-010020122.0011,GAEINSTN,DSOP,20161030,20250331,,,,,,,
R-010020122.0011,GADSOP,CRISIS MANAGEMENT WEBSITE,20161030,20250331,,,,,,,
R-010020122.0011,SVC CLOUD,CSMSFDCS360,20161030,20250331,,,,,,,
R-010020122.0011,ST-CUSTOMER,CSMSFDCSRV,20161030,20250331,,,,,,,
R-010020122.0011,SF-SERVICE,CSMSFDCSLS,20161030,20250331,,,,,,,
R-010020122.0011,SF-SALES,SYR,20161030,20250331,,,,,,,
R-010020122.0011,RSSYR,SSC,20161030,20250331,,,,,,,
R-010020122.0011,RSSSC,SOLVE,20161030,20250331,,,,,,,
R-010020122.0011,RSSOLVE,ESRS IP SOLUTION 2 0,20161030,20250331,,,,,,,
R-010020122.0011,RSESRS IPSOL,EMPLOYEE AVAILABILITY SYSTEM,20161030,20250331,,,,,,,
R-010020122.0011,RSEMPLOYEEAS,EMC REMOTE,20161030,20250331,,,,,,,
R-010020122.0011,RSEMC REMOTE,CONNECTEMC,20161030,20250331,,,,,,,
R-010020122.0011,RSCONNECTEMC,CLM,20161030,20250331,,,,,,,
R-010020122.0011,RSCLM,CCA5,20161030,20250331,,,,,,,
R-010020122.0011,RSCCA5,RAMP,20161030,20250331,,,,,,,
R-010020122.0011,RAMP,SPS,20161030,20250331,,,,,,,
R-010020122.0011,PRMSPS,RPQ,20161030,20250331,,,,,,,
R-010020122.0011,PRMRPQ,REQPRO,20161030,20250331,,,,,,,
R-010020122.0011,PRMREQPRO,PROCHAIN ENTERPRISE,20161030,20250331,,,,,,,
R-010020122.0011,PRMPCENTR,OPT,20161030,20250331,,,,,,,
R-010020122.0011,PRMOPT,LIVE CONTENT ARCHITECT,20161030,20250331,,,,,,,
R-010020122.0011,PRMLCA,EMC CALLER,20161030,20250331,,,,,,,
R-010020122.0011,PRMECALR,CENTERA PARTNER DB,20161030,20250331,,,,,,,
R-010020122.0011,PRMCPDB,CLEARQUEST,20161030,20250331,,,,,,,
R-010020122.0011,PRMCLRQST,PMODB,20161030,20250331,,,,,,,
R-010020122.0011,PMO,PROJECT MGMT ADMIN,20161030,20250331,,,,,,,
R-010020122.0011,PMADM,PASSWORD PORTAL,20161030,20250331,,,,,,,
R-010020122.0011,PASSWORDPORT,ORACLE FUSION,20161030,20250331,,,,,,,
R-010020122.0011,ORCFUS,OLS,20161030,20250331,,,,,,,
R-010020122.0011,OLS,EXPORT COMPLIANCE TRADESPHERE,20161030,20250331,,,,,,,
R-010020122.0011,MFGXPTCMPTRD,WEB SURVEY TOOL,20161030,20250331,,,,,,,
R-010020122.0011,MFGWBSRVTL,WEBLOG,20161030,20250331,,,,,,,
R-010020122.0011,MFGWBLOG,STOCK OUT WEB,20161030,20250331,,,,,,,
R-010020122.0011,MFGSTKOTWB,PRINT LABEL FRANKLIN,20161030,20250331,,,,,,,
R-010020122.0011,MFGPTLBLFK,PRINT LABEL CORK,20161030,20250331,,,,,,,
R-010020122.0011,MFGPTLBLCK,PRINT LABEL APEX,20161030,20250331,,,,,,,
R-010020122.0011,MFGPTLBLAP,OPS PLANNING,20161030,20250331,,,,,,,
R-010020122.0011,MFGOPSPLN,OPS COMPLETIONS SVR APEX,20161030,20250331,,,,,,,
R-010020122.0011,MFGOPSCOMP,MPE APE,20161030,20250331,,,,,,,
R-010020122.0011,MFGMPEAPE,MMIS,20161030,20250331,,,,,,,
R-010020122.0011,MFGMMIS,MFG WEB SITES EDITOR'S TOOLBENCH,20161030,20250331,,,,,,,
R-010020122.0011,MFGMFG WEB S,MFG DOCUMENTATION WEB SITE,20161030,20250331,,,,,,,
R-010020122.0011,CPIESRVCHT,ESERVICE ATTACHMENTS,20161030,20250331,,,,,,,
R-010020122.0011,CPIESRVATCH,CAPTIVA SCANNER LIBRARY NEW APP,20161030,20250331,,,,,,,
R-010020122.0011,CPICSLIB,CAPTIVA SCANNER DRIVER WEB,20161030,20250331,,,,,,,
R-010020122.0011,CPICSDRVWB,ESG KNOWLEDGEBASE,20161030,20250331,,,,,,,
R-010020122.0011,CPI2SESGKB,ESGKB ANUBIS DOCBASE,20161030,20250331,,,,,,,
R-010020122.0011,CPI2ESGKBAN,ESERVICES,20161030,20250331,,,,,,,
R-010020122.0011,CPI2ESERVCS,EMC COM,20161030,20250331,,,,,,,
R-010020122.0011,CPI2EMCCOM,WIKI,20161030,20250331,,,,,,,
R-010020122.0011,CKMWIKI,WCMPROD,20161030,20250331,,,,,,,
R-010020122.0011,CKMWCMPROD,WEBTOP,20161030,20250331,,,,,,,
R-010020122.0011,CKMWBTOP,INSIDEEMC,20161030,20250331,,,,,,,
R-010020122.0011,CKMINSIDEEMC,EROOM EST,20161030,20250331,,,,,,,
R-010020122.0011,CKMEROOM,EDGE,20161030,20250331,,,,,,,
R-010020122.0011,CKMEMCONE,CAPTIVA,20150417,20250331,,,,,,,
R-010020122.0011,CKMEDGE,ECN EMC COMMUNITY NETWORK EST,20161030,20250331,,,,,,,
R-010020122.0011,CKMECN,DEPLOY SUPPORT DOCBASE,20161030,20250331,,,,,,,
R-010020122.0011,CKMDSDOCB,DM NOTES,20161030,20250331,,,,,,,
R-010020122.0011,CKMDMNOTS,CM A CENTERSTAGE,20161030,20250331,,,,,,,
R-010020122.0011,CKMCMACS,CHANNEL EMC WEBSITE,20161030,20250331,,,,,,,
R-010020122.0011,CKMCEMCWB,ART,20161030,20250331,,,,,,,
R-010020122.0011,ART,UPD,20161030,20250331,,,,,,,
R-010020122.0011,AMUPD,TRISOFT,20161030,20250331,,,,,,,
R-010020122.0011,AMTRISOFT,TOPIC,20161030,20250331,,,,,,,
R-010020122.0011,AMTOPIC,TMS,20161030,20250331,,,,,,,
R-010020122.0011,AMTMS,SPEED,20161030,20250331,,,,,,,
R-010020122.0011,AMSPEED,SLK,20161030,20250331,,,,,,,
R-010020122.0011,AMSLK,SAP PLM NEW APP,20161030,20250331,,,,,,,
R-010020122.0011,AMSAPPLM,MULTITERM,20161030,20250331,,,,,,,
R-010020122.0011,AMMULTRM,LTA,20161030,20250331,,,,,,,
R-010020122.0011,AMLTA,GAMS,20161030,20250331,,,,,,,
R-010020122.0011,AMGAMS,ESTORE,20161030,20250331,,,,,,,
R-010020122.0011,AMG11ND,ACCOUNT PORTAL,20161030,20250331,,,,,,,
R-010020122.0011,AMESTORE,ESA,20161030,20250331,,,,,,,
R-010020122.0011,AMESA,EOM PORTAL,20161030,20250331,,,,,,,
R-010020122.0011,AMEOMP,ELMS PORTAL,20161030,20250331,,,,,,,
R-010020122.0011,AMELMSP,ELMS 3 X,20161030,20250331,,,,,,,
R-010020122.0011,AMELMS,ELAB NAVIGATOR,20161030,20250331,,,,,,,
R-010020122.0011,AMELABNAV,CAPTIVA,20161030,20250331,,,,,,,
R-010020122.0011,AMCAPTIVA,ACCOUNT PORTAL,20161030,20250331,,,,,,,
R-010020122.0011,ACC PORTAL,SERVICE CLOUD,20161030,20250331,,,,,,,
R-010020122.0011,GACRMGMTWB,CPI,20161030,20250331,,,,,,,
R-010020122.0011,GACPI,CORK WEBSITE,20161030,20250331,,,,,,,
R-010020122.0011,GACORKWB,CLOCKWISE,20161030,20250331,,,,,,,
R-010020122.0011,GACLKW,CLASSIC ORG CHART,20161030,20250331,,,,,,,
R-010020122.0011,GACLASSIC OR,BRIDGEWAY SUITE ECOUNSEL SECRETARIAT,20161030,20250331,,,,,,,
R-010020122.0011,GABRDGSUT,ATS,20161030,20250331,,,,,,,
R-010020122.0011,GAATS,ARCHIBUS,20161030,20250331,,,,,,,
R-010020122.0011,GAARCHIBUS,ADP JOBS,20161030,20250331,,,,,,,
R-010020122.0011,GAADPJBS,ACR,20161030,20250331,,,,,,,
R-010020122.0011,GAACR,ORACLE 11I APPLICATIONS SALES CREDITS,20161030,20250331,,,,,,,
R-010020122.0011,FMSALESCREDI,ORACLE 11I INCENTIVE COMPENSATION OIC,20161030,20250331,,,,,,,
R-010020122.0011,FMOIC,GET PAID,20161030,20250331,,,,,,,
R-010020122.0011,FMGETPAID,DMS,20161030,20250331,,,,,,,
R-010020122.0011,FMDMS,CMC,20161030,20250331,,,,,,,
R-010020122.0011,FMCMC,ACE,20161030,20250331,,,,,,,
R-010020122.0011,FMACE,ENTERPRISE SEARCH SERVICES,20161030,20250331,,,,,,,
R-010020122.0011,ESS,EMC ME,20161030,20250331,,,,,,,
R-010020122.0011,EMCME,UNISYS B2B MERCATOR INTERFACES,20161030,20250331,,,,,,,
R-010020122.0011,EISUB2BINT,EIS SPRING INTERFACES,20161030,20250331,,,,,,,
R-010020122.0011,EISSPRNGINT,SUPPLYNET WEBMETHODS,20161030,20250331,,,,,,,
R-010020122.0011,CPIESRVPDPG,ESERVICE CHAT,20161030,20250331,,,,,,,
R-010020122.0011,CPIISSTRCK,ESERVICE PRODUCT PAGE,20161030,20250331,,,,,,,
R-010020122.0011,CPILOVADMTL,ISSUE TRACKER,20161030,20250331,,,,,,,
R-010020122.0011,CPINGOE,LOV ADMIN TOOL,20161030,20250331,,,,,,,
R-010020122.0011,CPIPAWS,NGOE MUP,20161030,20250331,,,,,,,
R-010020122.0011,CPIPIT,PAWS,20161030,20250331,,,,,,,
R-010020122.0011,CPIPRIMUS,PIT,20161030,20250331,,,,,,,
R-010020122.0011,CSMABQS,PRIMUS,20161030,20250331,,,,,,,
R-010020122.0011,CSMFALCON,ABQS,20161030,20250331,,,,,,,
R-010020122.0011,CSMGMDBP,FALCON,20161030,20250331,,,,,,,
R-010020122.0011,CSMMRM,GLOBAL MARKETING DATABASE PORTAL,20161030,20250331,,,,,,,
R-010020122.0011,CSMONTRK,MARKETING RESOURCE MANAGEMENT,20161030,20250331,,,,,,,
R-010020122.0011,CSMOSCR,ONTRACK,20161030,20250331,,,,,,,
R-010020122.0011,CSMPWRSTRG,OSCAR,20161030,20250331,,,,,,,
R-010020122.0011,CSMSLSFORC,POWERSTEERING LEAN SIX SIGMA,20161030,20250331,,,,,,,
R-010020122.0011,CSOPR,EMC SALESFORCE COM EST,20161030,20250331,,,,,,,
R-010020122.0011,CSRSO 2.0 (E,OPR APPLICATION,20161030,20250331,,,,,,,
R-010020122.0011,EISMERCINT,RSO 2 0 EST,20161030,20250331,,,,,,,
R-010020122.0011,EISPAINT,MERCATOR INTERFACES,20161030,20250331,,,,,,,
R-010020122.0011,EISSPINT,PARTNER AUTOMATION WEBMETHODS,20161030,20250331,,,,,,,
R-010020122.0012,GAORGPUB,MYPROFILE,20161030,20250331,,,,,,,
R-010020122.0012,GAPPLSFT,ORG PUBLISHER,20161030,20250331,,,,,,,
R-010020122.0012,IAMSYNC,PEOPLESOFT,20161030,20250331,,,,,,,
R-010020122.0012,ID PORTAL,EOM PORTAL,20161030,20250331,,,,,,,
R-010020122.0012,IDENTITYPORT,SYNCPLICITY,20161030,20250331,,,,,,,
R-010020122.0012,IDS,IDENTITY PORTAL,20161030,20250331,,,,,,,
R-010020122.0012,JOBS@EMC,IDS,20161030,20250331,,,,,,,
R-010020122.0012,MFGACE OUTLO,JOBS EMC,20161030,20250331,,,,,,,
R-010020122.0012,MFGADMWB,ACE OUTLOADER,20161030,20250331,,,,,,,
R-010020122.0012,MFGCLRWPTL,ADMIN WEB SITE,20161030,20250331,,,,,,,
R-010020122.0012,MFGCYCLCNT,CLARIIWEB PORTAL,20161030,20250331,,,,,,,
R-010020122.0012,MFGGAF,CYCLE COUNT,20161030,20250331,,,,,,,
R-010020122.0012,MFGGEKNBN,GLOBAL ALLOCATOR FRANKLIN,20161030,20250331,,,,,,,
R-010020122.0012,MFGGEMSTN,GLOBAL EKANBAN,20161030,20250331,,,,,,,
R-010020122.0012,MFGHRGBLWB,GEMSTONE,20161030,20250331,,,,,,,
R-010020122.0012,MFGMANCOM,HR GLOBAL WEBSITE,20161030,20250331,,,,,,,
R-010020122.0012,MFGMDOCWB,MANUFACTURING COMMUNICATES,20161030,20250331,,,,,,,
R-010020122.0012,MFGMFG WEB S,MFG DOCUMENTATION WEB SITE,20161030,20250331,,,,,,,
R-010020122.0012,MFGMMIS,MFG WEB SITES EDITOR'S TOOLBENCH,20161030,20250331,,,,,,,
R-010020122.0012,MFGMPEAPE,MMIS,20161030,20250331,,,,,,,
R-010020122.0012,MFGOPSCOMP,MPE APE,20161030,20250331,,,,,,,
R-010020122.0012,GAMYPROF,MARS PURCHASE,20161030,20250331,,,,,,,
R-010020122.0012,GAMRSPRCHS,MARS HR ADMIN,20161030,20250331,,,,,,,
R-010020122.0012,GAMRSHRADM,MARS EMAILER,20161030,20250331,,,,,,,
R-010020122.0012,GAMRSEMLR,MARS,20161030,20250331,,,,,,,
R-010020122.0012,GAMRS,MOVE MANAGEMENT,20161030,20250331,,,,,,,
R-010020122.0012,GAMOVMGMT,MANAGERS TOOLBOX,20161030,20250331,,,,,,,
R-010020122.0012,GAMGRTLBX,JADE ONLINE,20161030,20250331,,,,,,,
R-010020122.0012,GAJADONL,INTERNATIONAL ADDRESS,20161030,20250331,,,,,,,
R-010020122.0012,GAINTADD,IPDC JOBS,20161030,20250331,,,,,,,
R-010020122.0012,GAIDPCJBS,HR LETTER PORTAL,20161030,20250331,,,,,,,
R-010020122.0012,GAHRPORTAL,HR FORMS,20161030,20250331,,,,,,,
R-010020122.0012,GAHRFORM,HR CLOUD APPS NEW APP,20161030,20250331,,,,,,,
R-010020122.0012,GAHRCLDAPS,HR AUTHORIZATION TOOL,20161030,20250331,,,,,,,
R-010020122.0012,GAHRATHTL,GOALS ONLINE,20161030,20250331,,,,,,,
R-010020122.0012,GAGOLONL,FAST START TRACKING,20161030,20250331,,,,,,,
R-010020122.0012,GAFST,FACILITIES WEBSITE,20161030,20250331,,,,,,,
R-010020122.0012,GAFCLTYWB,ESPP INTERNATIONAL,20161030,20250331,,,,,,,
R-010020122.0012,GAESPPINT,EPAS,20161030,20250331,,,,,,,
R-010020122.0012,GAEPAS,EMPLOYEE PROFILE,20161030,20250331,,,,,,,
R-010020122.0012,GAEMPPROF,EMPLOYEE DIRECTORY,20161030,20250331,,,,,,,
R-010020122.0012,GAEMPDIR,EMCLEGAL,20161030,20250331,,,,,,,
R-010020122.0012,MFGOPSPLN,OPS COMPLETIONS SVR APEX,20161030,20250331,,,,,,,
R-010020122.0012,SVC CLOUD,CSMSFDCS360,20161030,20250331,,,,,,,
R-010020122.0012,ST-CUSTOMER,CSMSFDCSRV,20161030,20250331,,,,,,,
R-010020122.0012,SF-SERVICE,CSMSFDCSLS,20161030,20250331,,,,,,,
R-010020122.0012,SF-SALES,SYR,20161030,20250331,,,,,,,
R-010020122.0012,RSSYR,SSC,20161030,20250331,,,,,,,
R-010020122.0012,RSSSC,SOLVE,20161030,20250331,,,,,,,
R-010020122.0012,RSSOLVE,ESRS IP SOLUTION 2 0,20161030,20250331,,,,,,,
R-010020122.0012,RSSERVCON,SAP PLM NEW APP,20161030,20250331,,,,,,,
R-010020122.0012,RSSAC,MULTITERM,20161030,20250331,,,,,,,
R-010020122.0012,RSESRS IPSOL,EMPLOYEE AVAILABILITY SYSTEM,20161030,20250331,,,,,,,
R-010020122.0012,RSESRS IP SO,LTA,20161030,20250331,,,,,,,
R-010020122.0012,RSESRS, GAMS,20161030,20250331,,,,,,,
R-010020122.0012,RSEMPLOYEEAS,EMC REMOTE,20161030,20250331,,,,,,,
R-010020122.0012,RSEMPLOYEE A,G11N DASHBOARD,20161030,20250331,,,,,,,
R-010020122.0012,RSEMC REMOTE,CONNECTEMC,20161030,20250331,,,,,,,
R-010020122.0012,RSCONNECTEMC,CLM,20161030,20250331,,,,,,,
R-010020122.0012,RSCLM,CCA5,20161030,20250331,,,,,,,
R-010020122.0012,RSCCA5,RAMP,20161030,20250331,,,,,,,
R-010020122.0012,RAMP,SPS,20161030,20250331,,,,,,,
R-010020122.0012,PWD PORTAL,ESTORE,20161030,20250331,,,,,,,
R-010020122.0012,PRMSPS,RPQ,20161030,20250331,,,,,,,
R-010020122.0012,PRMRPQ,REQPRO,20161030,20250331,,,,,,,
R-010020122.0012,PRMREQPRO,PROCHAIN ENTERPRISE,20161030,20250331,,,,,,,
R-010020122.0012,PRMPCENTR,OPT,20161030,20250331,,,,,,,
R-010020122.0012,PRMOPT,LIVE CONTENT ARCHITECT,20161030,20250331,,,,,,,
R-010020122.0012,PRMLCA,EMC CALLER,20161030,20250331,,,,,,,
R-010020122.0012,PRMECALR,CENTERA PARTNER DB,20161030,20250331,,,,,,,
R-010020122.0012,PRMDECISN,ESA,20161030,20250331,,,,,,,
R-010020122.0012,PRMCPDB,CLEARQUEST,20161030,20250331,,,,,,,
R-010020122.0012,PRMCLRQST,PMODB,20161030,20250331,,,,,,,
R-010020122.0012,PMO,PROJECT MGMT ADMIN,20161030,20250331,,,,,,,
R-010020122.0012,PMADM,PASSWORD PORTAL,20161030,20250331,,,,,,,
R-010020122.0012,PASSWORDPORT,ORACLE FUSION,20161030,20250331,,,,,,,
R-010020122.0012,ORCFUS,OLS,20161030,20250331,,,,,,,
R-010020122.0012,OLS,EXPORT COMPLIANCE TRADESPHERE,20161030,20250331,,,,,,,
R-010020122.0012,MFGXPTCMPTRD,WEB SURVEY TOOL,20161030,20250331,,,,,,,
R-010020122.0012,MFGWBSRVTL,WEBLOG,20161030,20250331,,,,,,,
R-010020122.0012,MFGWBLOG,STOCK OUT WEB,20161030,20250331,,,,,,,
R-010020122.0012,MFGSTKOTWB,PRINT LABEL FRANKLIN,20161030,20250331,,,,,,,
R-010020122.0012,MFGPTLBLFK,PRINT LABEL CORK,20161030,20250331,,,,,,,
R-010020122.0012,MFGPTLBLCK,PRINT LABEL APEX,20161030,20250331,,,,,,,
R-010020122.0012,MFGPTLBLAP,OPS PLANNING,20161030,20250331,,,,,,,
R-010020122.0012,GAEMCLGL,EINSTEIN,20161030,20250331,,,,,,,
R-010020122.0012,CPIESRVPDPG,ESERVICE CHAT,20161030,20250331,,,,,,,
R-010020122.0012,CPIESRVCHT,ESERVICE ATTACHMENTS,20161030,20250331,,,,,,,
R-010020122.0012,CPIESRVATCH,CAPTIVA SCANNER LIBRARY NEW APP,20161030,20250331,,,,,,,
R-010020122.0012,CPICSLIB,CAPTIVA SCANNER DRIVER WEB,20161030,20250331,,,,,,,
R-010020122.0012,CPICSDRVWB,ESG KNOWLEDGEBASE,20161030,20250331,,,,,,,
R-010020122.0012,CPI2SESGKB,ESGKB ANUBIS DOCBASE,20161030,20250331,,,,,,,
R-010020122.0012,CPI2PWRLNK,ELAB NAVIGATOR,20161030,20250331,,,,,,,
R-010020122.0012,CPI2ESGKBAN,ESERVICES,20161030,20250331,,,,,,,
R-010020122.0012,CPI2ESERVCS,EMC COM,20161030,20250331,,,,,,,
R-010020122.0012,CPI2EMCCOM,WIKI,20161030,20250331,,,,,,,
R-010020122.0012,CKMWIKI,WCMPROD,20161030,20250331,,,,,,,
R-010020122.0012,CKMWCMPROD,WEBTOP,20161030,20250331,,,,,,,
R-010020122.0012,CKMWBTOP,INSIDEEMC,20161030,20250331,,,,,,,
R-010020122.0012,CKMINSIDEEMC,EROOM EST,20161030,20250331,,,,,,,
R-010020122.0012,CKMEROOM,EDGE,20161030,20250331,,,,,,,
R-010020122.0012,CKMEMCONE,CAPTIVA,20161030,20250331,,,,,,,
R-010020122.0012,CKMEDGE,ECN EMC COMMUNITY NETWORK EST,20161030,20250331,,,,,,,
R-010020122.0012,CKMECN,DEPLOY SUPPORT DOCBASE,20161030,20250331,,,,,,,
R-010020122.0012,CKMDSDOCB,DM NOTES,20161030,20250331,,,,,,,
R-010020122.0012,CKMDMNOTS,CM A CENTERSTAGE,20161030,20250331,,,,,,,
R-010020122.0012,CKMCMACS,CHANNEL EMC WEBSITE,20161030,20250331,,,,,,,
R-010020122.0012,CKMCEMCWB,ART,20161030,20250331,,,,,,,
R-010020122.0012,ART,UPD,20161030,20250331,,,,,,,
R-010020122.0012,AMUPD,TRISOFT,20161030,20250331,,,,,,,
R-010020122.0012,AMTRISOFT,TOPIC,20161030,20250331,,,,,,,
R-010020122.0012,AMTOPIC,TMS,20161030,20250331,,,,,,,
R-010020122.0012,AMTMS,SPEED,20161030,20250331,,,,,,,
R-010020122.0012,AMSPEED,SLK,20161030,20250331,,,,,,,
R-010020122.0012,AMSLK,SAP PLM NEW APP,20161030,20250331,,,,,,,
R-010020122.0012,AMSAPPLM,MULTITERM,20161030,20250331,,,,,,,
R-010020122.0012,AMMULTRM,LTA,20161030,20250331,,,,,,,
R-010020122.0012,AMLTA,GAMS,20161030,20250331,,,,,,,
R-010020122.0012,AMGAMS,ESTORE,20161030,20250331,,,,,,,
R-010020122.0012,AMG11ND,ACCOUNT PORTAL,20161030,20250331,,,,,,,
R-010020122.0012,AMESTORE,ESA,20161030,20250331,,,,,,,
R-010020122.0012,AMESA,EOM PORTAL,20161030,20250331,,,,,,,
R-010020122.0012,AMEOMP,ELMS PORTAL,20161030,20250331,,,,,,,
R-010020122.0012,AMELMSP,ELMS 3 X,20161030,20250331,,,,,,,
R-010020122.0012,AMELMS,ELAB NAVIGATOR,20161030,20250331,,,,,,,
R-010020122.0012,AMELABNAV,CAPTIVA,20161030,20250331,,,,,,,
R-010020122.0012,AMCAPTIVA,ACCOUNT PORTAL,20161030,20250331,,,,,,,
R-010020122.0012,ACC PORTAL,SERVICE CLOUD,20161030,20250331,,,,,,,
R-010020122.0012,CPIISSTRCK,ESERVICE PRODUCT PAGE,20161030,20250331,,,,,,,
R-010020122.0012,GAEINSTN,DSOP,20161030,20250331,,,,,,,
R-010020122.0012,GADSOP,CRISIS MANAGEMENT WEBSITE,20161030,20250331,,,,,,,
R-010020122.0012,GACRMGMTWB,CPI,20161030,20250331,,,,,,,
R-010020122.0012,GACRFSTFND,ELMS PORTAL,20161030,20250331,,,,,,,
R-010020122.0012,GACPI,CORK WEBSITE,20161030,20250331,,,,,,,
R-010020122.0012,GACORKWB,CLOCKWISE,20161030,20250331,,,,,,,
R-010020122.0012,GACLKW,CLASSIC ORG CHART,20161030,20250331,,,,,,,
R-010020122.0012,GACLASSIC OR,BRIDGEWAY SUITE ECOUNSEL SECRETARIAT,20161030,20250331,,,,,,,
R-010020122.0012,GACCI,ELMS 3 X,20161030,20250331,,,,,,,
R-010020122.0012,GABRDGSUT,ATS,20161030,20250331,,,,,,,
R-010020122.0012,GAATS,ARCHIBUS,20161030,20250331,,,,,,,
R-010020122.0012,GAARCHIBUS,ADP JOBS,20161030,20250331,,,,,,,
R-010020122.0012,GAADPJBS,ACR,20161030,20250331,,,,,,,
R-010020122.0012,GAACR,ORACLE 11I APPLICATIONS SALES CREDITS,20161030,20250331,,,,,,,
R-010020122.0012,FMSALESCREDI,ORACLE 11I INCENTIVE COMPENSATION OIC,20161030,20250331,,,,,,,
R-010020122.0012,FMOIC,GET PAID,20161030,20250331,,,,,,,
R-010020122.0012,FMGETPAID,DMS,20161030,20250331,,,,,,,
R-010020122.0012,FMDMS,CMC,20161030,20250331,,,,,,,
R-010020122.0012,FMCMC,ACE,20161030,20250331,,,,,,,
R-010020122.0012,FMACE,ENTERPRISE SEARCH SERVICES,20161030,20250331,,,,,,,
R-010020122.0012,ESS,EMC ME,20161030,20250331,,,,,,,
R-010020122.0012,CPILOVADMTL,ISSUE TRACKER,20161030,20250331,,,,,,,
R-010020122.0012,CPINGOE,LOV ADMIN TOOL,20161030,20250331,,,,,,,
R-010020122.0012,CPIPAWS,NGOE MUP,20161030,20250331,,,,,,,
R-010020122.0012,CPIPIT,PAWS,20161030,20250331,,,,,,,
R-010020122.0012,CPIPRIMUS,PIT,20161030,20250331,,,,,,,
R-010020122.0012,CSMABQS,PRIMUS,20161030,20250331,,,,,,,
R-010020122.0012,CSMFALCON,ABQS,20161030,20250331,,,,,,,
R-010020122.0012,CSMGMDBP,FALCON,20161030,20250331,,,,,,,
R-010020122.0012,CSMMRM,GLOBAL MARKETING DATABASE PORTAL,20161030,20250331,,,,,,,
R-010020122.0012,CSMONTRK,MARKETING RESOURCE MANAGEMENT,20161030,20250331,,,,,,,
R-010020122.0012,CSMOSCR,ONTRACK,20161030,20250331,,,,,,,
R-010020122.0012,EMCME,UNISYS B2B MERCATOR INTERFACES,20161030,20250331,,,,,,,
R-010020122.0012,EISUB2BINT,EIS SPRING INTERFACES,20161030,20250331,,,,,,,
R-010020122.0012,EISSPRNGINT,SUPPLYNET WEBMETHODS,20161030,20250331,,,,,,,
R-010020122.0012,EISSPINT,PARTNER AUTOMATION WEBMETHODS,20161030,20250331,,,,,,,
R-010020122.0012,EISPAINT,MERCATOR INTERFACES,20161030,20250331,,,,,,,
R-010020122.0012,CSMPWRSTRG,OSCAR,20161030,20250331,,,,,,,
R-010020122.0012,CSMSLSFORC,POWERSTEERING LEAN SIX SIGMA,20161030,20250331,,,,,,,
R-010020122.0012,CSOPR,EMC SALESFORCE COM EST,20161030,20250331,,,,,,,
R-010020122.0012,EISMERCINT,RSO 2 0 EST,20161030,20250331,,,,,,,
R-010020122.0012,CSRSO 2.0 (E,OPR APPLICATION,20161030,20250331,,,,,,,
R-010020122.0019,JOBS@EMC,IDS,20161030,20250331,,,,,,,
R-010020122.0019,IDS,IDENTITY PORTAL,20161030,20250331,,,,,,,
R-010020122.0019,MFGACE OUTLO,JOBS EMC,20161030,20250331,,,,,,,
R-010020122.0019,MFGADMWB,ACE OUTLOADER,20161030,20250331,,,,,,,
R-010020122.0019,MFGCLRWPTL,ADMIN WEB SITE,20161030,20250331,,,,,,,
R-010020122.0019,IDENTITYPORT,SYNCPLICITY,20161030,20250331,,,,,,,
R-010020122.0019,ID PORTAL,EOM PORTAL,20161030,20250331,,,,,,,
R-010020122.0019,IAMSYNC,PEOPLESOFT,20161030,20250331,,,,,,,
R-010020122.0019,GAPPLSFT,ORG PUBLISHER,20161030,20250331,,,,,,,
R-010020122.0019,GAORGPUB,MYPROFILE,20161030,20250331,,,,,,,
R-010020122.0019,MFGCYCLCNT,CLARIIWEB PORTAL,20161030,20250331,,,,,,,
R-010020122.0019,MFGGAF,CYCLE COUNT,20161030,20250331,,,,,,,
R-010020122.0019,MFGGEKNBN,GLOBAL ALLOCATOR FRANKLIN,20161030,20250331,,,,,,,
R-010020122.0019,MFGGEMSTN,GLOBAL EKANBAN,20161030,20250331,,,,,,,
R-010020122.0019,MFGHRGBLWB,GEMSTONE,20161030,20250331,,,,,,,
R-010020122.0019,MFGMANCOM,HR GLOBAL WEBSITE,20161030,20250331,,,,,,,
R-010020122.0019,MFGMDOCWB,MANUFACTURING COMMUNICATES,20161030,20250331,,,,,,,
R-010020122.0019,MFGMFG WEB S,MFG DOCUMENTATION WEB SITE,20161030,20250331,,,,,,,
R-010020122.0019,MFGMMIS,MFG WEB SITES EDITOR'S TOOLBENCH,20161030,20250331,,,,,,,
R-010020122.0019,MFGMPEAPE,MMIS,20161030,20250331,,,,,,,
R-010020122.0019,MFGOPSCOMP,MPE APE,20161030,20250331,,,,,,,
R-010020122.0019,GAMYPROF,MARS PURCHASE,20161030,20250331,,,,,,,
R-010020122.0019,GAMRSPRCHS,MARS HR ADMIN,20161030,20250331,,,,,,,
R-010020122.0019,GAMRSHRADM,MARS EMAILER,20161030,20250331,,,,,,,
R-010020122.0019,GAMRSEMLR,MARS,20161030,20250331,,,,,,,
R-010020122.0019,GAMRS,MOVE MANAGEMENT,20161030,20250331,,,,,,,
R-010020122.0019,GAMOVMGMT,MANAGERS TOOLBOX,20161030,20250331,,,,,,,
R-010020122.0019,GAMGRTLBX,JADE ONLINE,20161030,20250331,,,,,,,
R-010020122.0019,GAJADONL,INTERNATIONAL ADDRESS,20161030,20250331,,,,,,,
R-010020122.0019,GAINTADD,IPDC JOBS,20161030,20250331,,,,,,,
R-010020122.0019,GAIDPCJBS,HR LETTER PORTAL,20161030,20250331,,,,,,,
R-010020122.0019,GAHRPORTAL,HR FORMS,20161030,20250331,,,,,,,
R-010020122.0019,GAHRFORM,HR CLOUD APPS NEW APP,20161030,20250331,,,,,,,
R-010020122.0019,GAHRCLDAPS,HR AUTHORIZATION TOOL,20161030,20250331,,,,,,,
R-010020122.0019,GAHRATHTL,GOALS ONLINE,20161030,20250331,,,,,,,
R-010020122.0019,GAGOLONL,FAST START TRACKING,20161030,20250331,,,,,,,
R-010020122.0019,GAFST,FACILITIES WEBSITE,20161030,20250331,,,,,,,
R-010020122.0019,GAFCLTYWB,ESPP INTERNATIONAL,20161030,20250331,,,,,,,
R-010020122.0019,GAESPPINT,EPAS,20161030,20250331,,,,,,,
R-010020122.0019,GAEPAS,EMPLOYEE PROFILE,20161030,20250331,,,,,,,
R-010020122.0019,GAEMPPROF,EMPLOYEE DIRECTORY,20161030,20250331,,,,,,,
R-010020122.0019,GAEMPDIR,EMCLEGAL,20161030,20250331,,,,,,,
R-010020122.0019,MFGOPSPLN,OPS COMPLETIONS SVR APEX,20161030,20250331,,,,,,,
R-010020122.0019,SVC CLOUD,CSMSFDCS360,20161030,20250331,,,,,,,
R-010020122.0019,ST-CUSTOMER,CSMSFDCSRV,20161030,20250331,,,,,,,
R-010020122.0019,SF-SERVICE,CSMSFDCSLS,20161030,20250331,,,,,,,
R-010020122.0019,SF-SALES,SYR,20161030,20250331,,,,,,,
R-010020122.0019,RSSYR,SSC,20161030,20250331,,,,,,,
R-010020122.0019,RSSSC,SOLVE,20161030,20250331,,,,,,,
R-010020122.0019,RSSOLVE,ESRS IP SOLUTION 2 0,20161030,20250331,,,,,,,
R-010020122.0019,RSSERVCON,SAP PLM NEW APP,20161030,20250331,,,,,,,
R-010020122.0019,RSSAC,MULTITERM,20161030,20250331,,,,,,,
R-010020122.0019,RSESRS IPSOL,EMPLOYEE AVAILABILITY SYSTEM,20161030,20250331,,,,,,,
R-010020122.0019,RSESRS IP SO,LTA,20161030,20250331,,,,,,,
R-010020122.0019,RSESRS, GAMS,20161030,20250331,,,,,,,
R-010020122.0019,RSEMPLOYEEAS,EMC REMOTE,20161030,20250331,,,,,,,
R-010020122.0019,RSEMPLOYEE A,G11N DASHBOARD,20161030,20250331,,,,,,,
R-010020122.0019,RSEMC REMOTE,CONNECTEMC,20161030,20250331,,,,,,,
R-010020122.0019,RSCONNECTEMC,CLM,20161030,20250331,,,,,,,
R-010020122.0019,RSCLM,CCA5,20161030,20250331,,,,,,,
R-010020122.0019,RSCCA5,RAMP,20161030,20250331,,,,,,,
R-010020122.0019,RAMP,SPS,20161030,20250331,,,,,,,
R-010020122.0019,PWD PORTAL,ESTORE,20161030,20250331,,,,,,,
R-010020122.0019,PRMSPS,RPQ,20161030,20250331,,,,,,,
R-010020122.0019,PRMRPQ,REQPRO,20161030,20250331,,,,,,,
R-010020122.0019,PRMREQPRO,PROCHAIN ENTERPRISE,20161030,20250331,,,,,,,
R-010020122.0019,PRMPCENTR,OPT,20161030,20250331,,,,,,,
R-010020122.0019,PRMOPT,LIVE CONTENT ARCHITECT,20161030,20250331,,,,,,,
R-010020122.0019,PRMLCA,EMC CALLER,20161030,20250331,,,,,,,
R-010020122.0019,PRMECALR,CENTERA PARTNER DB,20161030,20250331,,,,,,,
R-010020122.0019,PRMDECISN,ESA,20161030,20250331,,,,,,,
R-010020122.0019,PRMCPDB,CLEARQUEST,20161030,20250331,,,,,,,
R-010020122.0019,PRMCLRQST,PMODB,20161030,20250331,,,,,,,
R-010020122.0019,PMO,PROJECT MGMT ADMIN,20161030,20250331,,,,,,,
R-010020122.0019,PMADM,PASSWORD PORTAL,20161030,20250331,,,,,,,
R-010020122.0019,PASSWORDPORT,ORACLE FUSION,20161030,20250331,,,,,,,
R-010020122.0019,ORCFUS,OLS,20161030,20250331,,,,,,,
R-010020122.0019,OLS,EXPORT COMPLIANCE TRADESPHERE,20161030,20250331,,,,,,,
R-010020122.0019,MFGXPTCMPTRD,WEB SURVEY TOOL,20161030,20250331,,,,,,,
R-010020122.0019,MFGWBSRVTL,WEBLOG,20161030,20250331,,,,,,,
R-010020122.0019,MFGWBLOG,STOCK OUT WEB,20161030,20250331,,,,,,,
R-010020122.0019,MFGSTKOTWB,PRINT LABEL FRANKLIN,20161030,20250331,,,,,,,
R-010020122.0019,MFGPTLBLFK,PRINT LABEL CORK,20161030,20250331,,,,,,,
R-010020122.0019,MFGPTLBLCK,PRINT LABEL APEX,20161030,20250331,,,,,,,
R-010020122.0019,MFGPTLBLAP,OPS PLANNING,20161030,20250331,,,,,,,
R-010020122.0019,GAEMCLGL,EINSTEIN,20161030,20250331,,,,,,,
R-010020122.0019,CPIESRVPDPG,ESERVICE CHAT,20161030,20250331,,,,,,,
R-010020122.0019,CPIESRVCHT,ESERVICE ATTACHMENTS,20161030,20250331,,,,,,,
R-010020122.0019,CPIESRVATCH,CAPTIVA SCANNER LIBRARY NEW APP,20161030,20250331,,,,,,,
R-010020122.0019,CPICSLIB,CAPTIVA SCANNER DRIVER WEB,20161030,20250331,,,,,,,
R-010020122.0019,CPICSDRVWB,ESG KNOWLEDGEBASE,20161030,20250331,,,,,,,
R-010020122.0019,CPI2SESGKB,ESGKB ANUBIS DOCBASE,20161030,20250331,,,,,,,
R-010020122.0019,CPI2PWRLNK,ELAB NAVIGATOR,20161030,20250331,,,,,,,
R-010020122.0019,CPI2ESGKBAN,ESERVICES,20161030,20250331,,,,,,,
R-010020122.0019,CPI2ESERVCS,EMC COM,20161030,20250331,,,,,,,
R-010020122.0019,CPI2EMCCOM,WIKI,20161030,20250331,,,,,,,
R-010020122.0019,CKMWIKI,WCMPROD,20161030,20250331,,,,,,,
R-010020122.0019,CKMWCMPROD,WEBTOP,20161030,20250331,,,,,,,
R-010020122.0019,CKMWBTOP,INSIDEEMC,20161030,20250331,,,,,,,
R-010020122.0019,CKMINSIDEEMC,EROOM EST,20161030,20250331,,,,,,,
R-010020122.0019,CKMEROOM,EDGE,20161030,20250331,,,,,,,
R-010020122.0019,CKMEMCONE,CAPTIVA,20161030,20250331,,,,,,,
R-010020122.0019,CKMEDGE,ECN EMC COMMUNITY NETWORK EST,20161030,20250331,,,,,,,
R-010020122.0019,CKMECN,DEPLOY SUPPORT DOCBASE,20161030,20250331,,,,,,,
R-010020122.0019,CKMDSDOCB,DM NOTES,20161030,20250331,,,,,,,
R-010020122.0019,CKMDMNOTS,CM A CENTERSTAGE,20161030,20250331,,,,,,,
R-010020122.0019,CKMCMACS,CHANNEL EMC WEBSITE,20161030,20250331,,,,,,,
R-010020122.0019,CKMCEMCWB,ART,20161030,20250331,,,,,,,
R-010020122.0019,ART,UPD,20161030,20250331,,,,,,,
R-010020122.0019,AMUPD,TRISOFT,20161030,20250331,,,,,,,
R-010020122.0019,AMTRISOFT,TOPIC,20161030,20250331,,,,,,,
R-010020122.0019,AMTOPIC,TMS,20161030,20250331,,,,,,,
R-010020122.0019,AMTMS,SPEED,20161030,20250331,,,,,,,
R-010020122.0019,AMSPEED,SLK,20161030,20250331,,,,,,,
R-010020122.0019,AMSLK,SAP PLM NEW APP,20161030,20250331,,,,,,,
R-010020122.0019,AMSAPPLM,MULTITERM,20161030,20250331,,,,,,,
R-010020122.0019,AMMULTRM,LTA,20161030,20250331,,,,,,,
R-010020122.0019,AMLTA,GAMS,20161030,20250331,,,,,,,
R-010020122.0019,AMGAMS,ESTORE,20161030,20250331,,,,,,,
R-010020122.0019,AMG11ND,ACCOUNT PORTAL,20161030,20250331,,,,,,,
R-010020122.0019,AMESTORE,ESA,20161030,20250331,,,,,,,
R-010020122.0019,AMESA,EOM PORTAL,20161030,20250331,,,,,,,
R-010020122.0019,AMEOMP,ELMS PORTAL,20161030,20250331,,,,,,,
R-010020122.0019,AMELMSP,ELMS 3 X,20161030,20250331,,,,,,,
R-010020122.0019,AMELMS,ELAB NAVIGATOR,20161030,20250331,,,,,,,
R-010020122.0019,AMELABNAV,CAPTIVA,20161030,20250331,,,,,,,
R-010020122.0019,AMCAPTIVA,ACCOUNT PORTAL,20161030,20250331,,,,,,,
R-010020122.0019,ACC PORTAL,SERVICE CLOUD,20161030,20250331,,,,,,,
R-010020122.0019,CPIISSTRCK,ESERVICE PRODUCT PAGE,20161030,20250331,,,,,,,
R-010020122.0019,GAEINSTN,DSOP,20161030,20250331,,,,,,,
R-010020122.0019,GADSOP,CRISIS MANAGEMENT WEBSITE,20161030,20250331,,,,,,,
R-010020122.0019,GACRMGMTWB,CPI,20161030,20250331,,,,,,,
R-010020122.0019,GACRFSTFND,ELMS PORTAL,20161030,20250331,,,,,,,
R-010020122.0019,GACPI,CORK WEBSITE,20161030,20250331,,,,,,,
R-010020122.0019,GACORKWB,CLOCKWISE,20161030,20250331,,,,,,,
R-010020122.0019,GACLKW,CLASSIC ORG CHART,20161030,20250331,,,,,,,
R-010020122.0019,GACLASSIC OR,BRIDGEWAY SUITE ECOUNSEL SECRETARIAT,20161030,20250331,,,,,,,
R-010020122.0019,GACCI,ELMS 3 X,20161030,20250331,,,,,,,
R-010020122.0019,GABRDGSUT,ATS,20161030,20250331,,,,,,,
R-010020122.0019,GAATS,ARCHIBUS,20161030,20250331,,,,,,,
R-010020122.0019,GAARCHIBUS,ADP JOBS,20161030,20250331,,,,,,,
R-010020122.0019,GAADPJBS,ACR,20161030,20250331,,,,,,,
R-010020122.0019,GAACR,ORACLE 11I APPLICATIONS SALES CREDITS,20161030,20250331,,,,,,,
R-010020122.0019,FMSALESCREDI,ORACLE 11I INCENTIVE COMPENSATION OIC,20161030,20250331,,,,,,,
R-010020122.0019,FMOIC,GET PAID,20161030,20250331,,,,,,,
R-010020122.0019,FMGETPAID,DMS,20161030,20250331,,,,,,,
R-010020122.0019,FMDMS,CMC,20161030,20250331,,,,,,,
R-010020122.0019,FMCMC,ACE,20161030,20250331,,,,,,,
R-010020122.0019,FMACE,ENTERPRISE SEARCH SERVICES,20161030,20250331,,,,,,,
R-010020122.0019,ESS,EMC ME,20161030,20250331,,,,,,,
R-010020122.0019,CPILOVADMTL,ISSUE TRACKER,20161030,20250331,,,,,,,
R-010020122.0019,CPINGOE,LOV ADMIN TOOL,20161030,20250331,,,,,,,
R-010020122.0019,CPIPAWS,NGOE MUP,20161030,20250331,,,,,,,
R-010020122.0019,CPIPIT,PAWS,20161030,20250331,,,,,,,
R-010020122.0019,CPIPRIMUS,PIT,20161030,20250331,,,,,,,
R-010020122.0019,CSMABQS,PRIMUS,20161030,20250331,,,,,,,
R-010020122.0019,CSMFALCON,ABQS,20161030,20250331,,,,,,,
R-010020122.0019,CSMGMDBP,FALCON,20161030,20250331,,,,,,,
R-010020122.0019,CSMMRM,GLOBAL MARKETING DATABASE PORTAL,20161030,20250331,,,,,,,
R-010020122.0019,CSMONTRK,MARKETING RESOURCE MANAGEMENT,20161030,20250331,,,,,,,
R-010020122.0019,CSMOSCR,ONTRACK,20161030,20250331,,,,,,,
R-010020122.0019,CSMPWRSTRG,OSCAR,20161030,20250331,,,,,,,
R-010020122.0019,CSMSLSFORC,POWERSTEERING LEAN SIX SIGMA,20161030,20250331,,,,,,,
R-010020122.0019,CSOPR,EMC SALESFORCE COM EST,20161030,20250331,,,,,,,
R-010020122.0019,CSRSO 2.0 (E,OPR APPLICATION,20161030,20250331,,,,,,,
R-010020122.0019,EISMERCINT,RSO 2 0 EST,20161030,20250331,,,,,,,
R-010020122.0019,EISPAINT,MERCATOR INTERFACES,20161030,20250331,,,,,,,
R-010020122.0019,EISSPINT,PARTNER AUTOMATION WEBMETHODS,20161030,20250331,,,,,,,
R-010020122.0019,EISSPRNGINT,SUPPLYNET WEBMETHODS,20161030,20250331,,,,,,,
R-010020122.0019,EISUB2BINT,EIS SPRING INTERFACES,20161030,20250331,,,,,,,
R-010020122.0019,EMCME,UNISYS B2B MERCATOR INTERFACES,20161030,20250331,,,,,,,
R-010020122.0021,CSMGMDBP,FALCON,20161030,20250331,,,,,,,
R-010020122.0021,CSMFALCON,ABQS,20161030,20250331,,,,,,,
R-010020122.0021,CSMABQS,PRIMUS,20161030,20250331,,,,,,,
R-010020122.0021,CPIPRIMUS,PIT,20161030,20250331,,,,,,,
R-010020122.0021,CPIPIT,PAWS,20161030,20250331,,,,,,,
R-010020122.0021,CPIPAWS,NGOE MUP,20161030,20250331,,,,,,,
R-010020122.0021,CPINGOE,LOV ADMIN TOOL,20161030,20250331,,,,,,,
R-010020122.0021,CPILOVADMTL,ISSUE TRACKER,20161030,20250331,,,,,,,
R-010020122.0021,CPIISSTRCK,ESERVICE PRODUCT PAGE,20161030,20250331,,,,,,,
R-010020122.0021,CPIESRVPDPG,ESERVICE CHAT,20161030,20250331,,,,,,,
R-010020122.0021,CPIESRVCHT,ESERVICE ATTACHMENTS,20161030,20250331,,,,,,,
R-010020122.0021,CPIESRVATCH,CAPTIVA SCANNER LIBRARY NEW APP,20161030,20250331,,,,,,,
R-010020122.0021,CPICSLIB,CAPTIVA SCANNER DRIVER WEB,20161030,20250331,,,,,,,
R-010020122.0021,CPICSDRVWB,ESG KNOWLEDGEBASE,20161030,20250331,,,,,,,
R-010020122.0021,CPI2SESGKB,ESGKB ANUBIS DOCBASE,20161030,20250331,,,,,,,
R-010020122.0021,CSMMRM,GLOBAL MARKETING DATABASE PORTAL,20161030,20250331,,,,,,,
R-010020122.0021,CSMONTRK,MARKETING RESOURCE MANAGEMENT,20161030,20250331,,,,,,,
R-010020122.0021,CSMOSCR,ONTRACK,20161030,20250331,,,,,,,
R-010020122.0021,CSMPWRSTRG,OSCAR,20161030,20250331,,,,,,,
R-010020122.0021,CSMSLSFORC,POWERSTEERING LEAN SIX SIGMA,20161030,20250331,,,,,,,
R-010020122.0021,CSOPR,EMC SALESFORCE COM EST,20161030,20250331,,,,,,,
R-010020122.0021,CSRSO 2.0 (E,OPR APPLICATION,20161030,20250331,,,,,,,
R-010020122.0021,EISMERCINT,RSO 2 0 EST,20161030,20250331,,,,,,,
R-010020122.0021,EISPAINT,MERCATOR INTERFACES,20161030,20250331,,,,,,,
R-010020122.0021,EISSPINT,PARTNER AUTOMATION WEBMETHODS,20161030,20250331,,,,,,,
R-010020122.0021,EISSPRNGINT,SUPPLYNET WEBMETHODS,20161030,20250331,,,,,,,
R-010020122.0021,EISUB2BINT,EIS SPRING INTERFACES,20161030,20250331,,,,,,,
R-010020122.0021,EMCME,UNISYS B2B MERCATOR INTERFACES,20161030,20250331,,,,,,,
R-010020122.0021,ESS,EMC ME,20161030,20250331,,,,,,,
R-010020122.0021,FMACE,ENTERPRISE SEARCH SERVICES,20161030,20250331,,,,,,,
R-010020122.0021,CPI2ESGKBAN,ESERVICES,20161030,20250331,,,,,,,
R-010020122.0021,AMCAPTIVA,ACCOUNT PORTAL,20161030,20250331,,,,,,,
R-010020122.0021,AMELABNAV,CAPTIVA,20161030,20250331,,,,,,,
R-010020122.0021,AMELMS,ELAB NAVIGATOR,20161030,20250331,,,,,,,
R-010020122.0021,AMELMSP,ELMS 3 X,20161030,20250331,,,,,,,
R-010020122.0021,AMEOMP,ELMS PORTAL,20161030,20250331,,,,,,,
R-010020122.0021,AMESA,EOM PORTAL,20161030,20250331,,,,,,,
R-010020122.0021,AMESTORE,ESA,20161030,20250331,,,,,,,
R-010020122.0021,AMGAMS,ESTORE,20161030,20250331,,,,,,,
R-010020122.0021,AMLTA,GAMS,20161030,20250331,,,,,,,
R-010020122.0021,AMMULTRM,LTA,20161030,20250331,,,,,,,
R-010020122.0021,AMSAPPLM,MULTITERM,20161030,20250331,,,,,,,
R-010020122.0021,AMSLK,SAP PLM NEW APP,20161030,20250331,,,,,,,
R-010020122.0021,AMSPEED,SLK,20161030,20250331,,,,,,,
R-010020122.0021,AMTOPIC,TMS,20161030,20250331,,,,,,,
R-010020122.0021,AMTRISOFT,TOPIC,20161030,20250331,,,,,,,
R-010020122.0021,CPI2ESERVCS,EMC COM,20161030,20250331,,,,,,,
R-010020122.0021,CPI2EMCCOM,WIKI,20161030,20250331,,,,,,,
R-010020122.0021,CKMWIKI,WCMPROD,20161030,20250331,,,,,,,
R-010020122.0021,CKMWCMPROD,WEBTOP,20161030,20250331,,,,,,,
R-010020122.0021,CKMWBTOP,INSIDEEMC,20161030,20250331,,,,,,,
R-010020122.0021,CKMINSIDEEMC,EROOM EST,20161030,20250331,,,,,,,
R-010020122.0021,CKMEROOM,EDGE,20161030,20250331,,,,,,,
R-010020122.0021,CKMEDGE,ECN EMC COMMUNITY NETWORK EST,20161030,20250331,,,,,,,
R-010020122.0021,AMUPD,TRISOFT,20161030,20250331,,,,,,,
R-010020122.0021,ART,UPD,20161030,20250331,,,,,,,
R-010020122.0021,CKMCEMCWB,ART,20161030,20250331,,,,,,,
R-010020122.0021,CKMCMACS,CHANNEL EMC WEBSITE,20161030,20250331,,,,,,,
R-010020122.0021,CKMECN,DEPLOY SUPPORT DOCBASE,20161030,20250331,,,,,,,
R-010020122.0021,CKMDSDOCB,DM NOTES,20161030,20250331,,,,,,,
R-010020122.0021,CKMDMNOTS,CM A CENTERSTAGE,20161030,20250331,,,,,,,
R-010020122.0022,SVC CLOUD,CSMSFDCS360,20161030,20250331,,,,,,,
R-010020122.0110,JOBS@EMC,IDS,20161030,20250331,,,,,,,
R-010020122.0110,IDS,IDENTITY PORTAL,20161030,20250331,,,,,,,
R-010020122.0110,MFGACE OUTLO,JOBS EMC,20161030,20250331,,,,,,,
R-010020122.0110,MFGADMWB,ACE OUTLOADER,20161030,20250331,,,,,,,
R-010020122.0110,MFGCLRWPTL,ADMIN WEB SITE,20161030,20250331,,,,,,,
R-010020122.0110,IDENTITYPORT,SYNCPLICITY,20161030,20250331,,,,,,,
R-010020122.0110,ID PORTAL,EOM PORTAL,20150417,20250331,,,,,,,
R-010020122.0110,IAMSYNC,PEOPLESOFT,20161030,20250331,,,,,,,
R-010020122.0110,GAPPLSFT,ORG PUBLISHER,20161030,20250331,,,,,,,
R-010020122.0110,GAORGPUB,MYPROFILE,20161030,20250331,,,,,,,
R-010020122.0110,MFGCYCLCNT,CLARIIWEB PORTAL,20161030,20250331,,,,,,,
R-010020122.0110,MFGGAF,CYCLE COUNT,20161030,20250331,,,,,,,
R-010020122.0110,MFGGEKNBN,GLOBAL ALLOCATOR FRANKLIN,20161030,20250331,,,,,,,
R-010020122.0110,MFGGEMSTN,GLOBAL EKANBAN,20161030,20250331,,,,,,,
R-010020122.0110,MFGHRGBLWB,GEMSTONE,20161030,20250331,,,,,,,
R-010020122.0110,MFGMANCOM,HR GLOBAL WEBSITE,20161030,20250331,,,,,,,
R-010020122.0110,MFGMDOCWB,MANUFACTURING COMMUNICATES,20161030,20250331,,,,,,,
R-010020122.0110,MFGMFG WEB S,MFG DOCUMENTATION WEB SITE,20161030,20250331,,,,,,,
R-010020122.0110,MFGMMIS,MFG WEB SITES EDITOR'S TOOLBENCH,20161030,20250331,,,,,,,
R-010020122.0110,MFGMPEAPE,MMIS,20161030,20250331,,,,,,,
R-010020122.0110,MFGOPSCOMP,MPE APE,20161030,20250331,,,,,,,
R-010020122.0110,GAMYPROF,MARS PURCHASE,20161030,20250331,,,,,,,
R-010020122.0110,GAMRSPRCHS,MARS HR ADMIN,20161030,20250331,,,,,,,
R-010020122.0110,GAMRSHRADM,MARS EMAILER,20161030,20250331,,,,,,,
R-010020122.0110,GAMRSEMLR,MARS,20161030,20250331,,,,,,,
R-010020122.0110,GAMRS,MOVE MANAGEMENT,20161030,20250331,,,,,,,
R-010020122.0110,GAMOVMGMT,MANAGERS TOOLBOX,20161030,20250331,,,,,,,
R-010020122.0110,GAMGRTLBX,JADE ONLINE,20161030,20250331,,,,,,,
R-010020122.0110,GAJADONL,INTERNATIONAL ADDRESS,20161030,20250331,,,,,,,
R-010020122.0110,GAINTADD,IPDC JOBS,20161030,20250331,,,,,,,
R-010020122.0110,GAIDPCJBS,HR LETTER PORTAL,20161030,20250331,,,,,,,
R-010020122.0110,GAHRPORTAL,HR FORMS,20161030,20250331,,,,,,,
R-010020122.0110,GAHRFORM,HR CLOUD APPS NEW APP,20161030,20250331,,,,,,,
R-010020122.0110,GAHRCLDAPS,HR AUTHORIZATION TOOL,20161030,20250331,,,,,,,
R-010020122.0110,GAHRATHTL,GOALS ONLINE,20161030,20250331,,,,,,,
R-010020122.0110,GAGOLONL,FAST START TRACKING,20161030,20250331,,,,,,,
R-010020122.0110,GAFST,FACILITIES WEBSITE,20161030,20250331,,,,,,,
R-010020122.0110,GAFCLTYWB,ESPP INTERNATIONAL,20161030,20250331,,,,,,,
R-010020122.0110,GAESPPINT,EPAS,20161030,20250331,,,,,,,
R-010020122.0110,GAEPAS,EMPLOYEE PROFILE,20161030,20250331,,,,,,,
R-010020122.0110,GAEMPPROF,EMPLOYEE DIRECTORY,20161030,20250331,,,,,,,
R-010020122.0110,GAEMPDIR,EMCLEGAL,20161030,20250331,,,,,,,
R-010020122.0110,MFGOPSPLN,OPS COMPLETIONS SVR APEX,20161030,20250331,,,,,,,
R-010020122.0110,SVC CLOUD,CSMSFDCS360,20161030,20250331,,,,,,,
R-010020122.0110,ST-CUSTOMER,CSMSFDCSRV,20161030,20250331,,,,,,,
R-010020122.0110,SF-SERVICE,CSMSFDCSLS,20161030,20250331,,,,,,,
R-010020122.0110,SF-SALES,SYR,20161030,20250331,,,,,,,
R-010020122.0110,RSSYR,SSC,20161030,20250331,,,,,,,
R-010020122.0110,RSSSC,SOLVE,20161030,20250331,,,,,,,
R-010020122.0110,RSSOLVE,ESRS IP SOLUTION 2 0,20161030,20250331,,,,,,,
R-010020122.0110,RSSERVCON,SAP PLM NEW APP,20150417,20250331,,,,,,,
R-010020122.0110,RSSAC,MULTITERM,20150417,20250331,,,,,,,
R-010020122.0110,RSESRS IPSOL,EMPLOYEE AVAILABILITY SYSTEM,20161030,20250331,,,,,,,
R-010020122.0110,RSESRS IP SO,LTA,20150417,20250331,,,,,,,
R-010020122.0110,RSESRS, GAMS,20150417,20250331,,,,,,,
R-010020122.0110,RSEMPLOYEEAS,EMC REMOTE,20161030,20250331,,,,,,,
R-010020122.0110,RSEMPLOYEE A,G11N DASHBOARD,20150417,20250331,,,,,,,
R-010020122.0110,RSEMC REMOTE,CONNECTEMC,20161030,20250331,,,,,,,
R-010020122.0110,RSCONNECTEMC,CLM,20161030,20250331,,,,,,,
R-010020122.0110,RSCLM,CCA5,20161030,20250331,,,,,,,
R-010020122.0110,RSCCA5,RAMP,20161030,20250331,,,,,,,
R-010020122.0110,RAMP,SPS,20161030,20250331,,,,,,,
R-010020122.0110,PWD PORTAL,ESTORE,20150417,20250331,,,,,,,
R-010020122.0110,PRMSPS,RPQ,20161030,20250331,,,,,,,
R-010020122.0110,PRMRPQ,REQPRO,20161030,20250331,,,,,,,
R-010020122.0110,PRMREQPRO,PROCHAIN ENTERPRISE,20161030,20250331,,,,,,,
R-010020122.0110,PRMPCENTR,OPT,20161030,20250331,,,,,,,
R-010020122.0110,PRMOPT,LIVE CONTENT ARCHITECT,20161030,20250331,,,,,,,
R-010020122.0110,PRMLCA,EMC CALLER,20161030,20250331,,,,,,,
R-010020122.0110,PRMECALR,CENTERA PARTNER DB,20161030,20250331,,,,,,,
R-010020122.0110,PRMDECISN,ESA,20150417,20250331,,,,,,,
R-010020122.0110,PRMCPDB,CLEARQUEST,20161030,20250331,,,,,,,
R-010020122.0110,PRMCLRQST,PMODB,20161030,20250331,,,,,,,
R-010020122.0110,PMO,PROJECT MGMT ADMIN,20161030,20250331,,,,,,,
R-010020122.0110,PMADM,PASSWORD PORTAL,20161030,20250331,,,,,,,
R-010020122.0110,PASSWORDPORT,ORACLE FUSION,20161030,20250331,,,,,,,
R-010020122.0110,ORCFUS,OLS,20161030,20250331,,,,,,,
R-010020122.0110,OLS,EXPORT COMPLIANCE TRADESPHERE,20161030,20250331,,,,,,,
R-010020122.0110,MFGXPTCMPTRD,WEB SURVEY TOOL,20161030,20250331,,,,,,,
R-010020122.0110,MFGWBSRVTL,WEBLOG,20161030,20250331,,,,,,,
R-010020122.0110,MFGWBLOG,STOCK OUT WEB,20161030,20250331,,,,,,,
R-010020122.0110,MFGSTKOTWB,PRINT LABEL FRANKLIN,20161030,20250331,,,,,,,
R-010020122.0110,MFGPTLBLFK,PRINT LABEL CORK,20161030,20250331,,,,,,,
R-010020122.0110,MFGPTLBLCK,PRINT LABEL APEX,20161030,20250331,,,,,,,
R-010020122.0110,MFGPTLBLAP,OPS PLANNING,20161030,20250331,,,,,,,
R-010020122.0110,GAEMCLGL,EINSTEIN,20161030,20250331,,,,,,,
R-010020122.0110,CPIESRVPDPG,ESERVICE CHAT,20161030,20250331,,,,,,,
R-010020122.0110,CPIESRVCHT,ESERVICE ATTACHMENTS,20161030,20250331,,,,,,,
R-010020122.0110,CPIESRVATCH,CAPTIVA SCANNER LIBRARY NEW APP,20161030,20250331,,,,,,,
R-010020122.0110,CPICSLIB,CAPTIVA SCANNER DRIVER WEB,20161030,20250331,,,,,,,
R-010020122.0110,CPICSDRVWB,ESG KNOWLEDGEBASE,20161030,20250331,,,,,,,
R-010020122.0110,CPI2SESGKB,ESGKB ANUBIS DOCBASE,20161030,20250331,,,,,,,
R-010020122.0110,CPI2PWRLNK,ELAB NAVIGATOR,20150417,20250331,,,,,,,
R-010020122.0110,CPI2ESGKBAN,ESERVICES,20161030,20250331,,,,,,,
R-010020122.0110,CPI2ESERVCS,EMC COM,20161030,20250331,,,,,,,
R-010020122.0110,CPI2EMCCOM,WIKI,20161030,20250331,,,,,,,
R-010020122.0110,CKMWIKI,WCMPROD,20161030,20250331,,,,,,,
R-010020122.0110,CKMWCMPROD,WEBTOP,20161030,20250331,,,,,,,
R-010020122.0110,CKMWBTOP,INSIDEEMC,20161030,20250331,,,,,,,
R-010020122.0110,CKMINSIDEEMC,EROOM EST,20161030,20250331,,,,,,,
R-010020122.0110,CKMEROOM,EDGE,20161030,20250331,,,,,,,
R-010020122.0110,CKMEMCONE,CAPTIVA,20150417,20250331,,,,,,,
R-010020122.0110,CKMEDGE,ECN EMC COMMUNITY NETWORK EST,20161030,20250331,,,,,,,
R-010020122.0110,CKMECN,DEPLOY SUPPORT DOCBASE,20161030,20250331,,,,,,,
R-010020122.0110,CKMDSDOCB,DM NOTES,20161030,20250331,,,,,,,
R-010020122.0110,CKMDMNOTS,CM A CENTERSTAGE,20161030,20250331,,,,,,,
R-010020122.0110,CKMCMACS,CHANNEL EMC WEBSITE,20161030,20250331,,,,,,,
R-010020122.0110,CKMCEMCWB,ART,20161030,20250331,,,,,,,
R-010020122.0110,ART,UPD,20161030,20250331,,,,,,,
R-010020122.0110,AMUPD,TRISOFT,20161030,20250331,,,,,,,
R-010020122.0110,AMTRISOFT,TOPIC,20161030,20250331,,,,,,,
R-010020122.0110,AMTOPIC,TMS,20161030,20250331,,,,,,,
R-010020122.0110,AMTMS,SPEED,20161030,20250331,,,,,,,
R-010020122.0110,AMSPEED,SLK,20161030,20250331,,,,,,,
R-010020122.0110,AMSLK,SAP PLM NEW APP,20161030,20250331,,,,,,,
R-010020122.0110,AMSAPPLM,MULTITERM,20161030,20250331,,,,,,,
R-010020122.0110,AMMULTRM,LTA,20161030,20250331,,,,,,,
R-010020122.0110,AMLTA,GAMS,20161030,20250331,,,,,,,
R-010020122.0110,AMGAMS,ESTORE,20161030,20250331,,,,,,,
R-010020122.0110,AMG11ND,ACCOUNT PORTAL,20161030,20250331,,,,,,,
R-010020122.0110,AMESTORE,ESA,20161030,20250331,,,,,,,
R-010020122.0110,AMESA,EOM PORTAL,20161030,20250331,,,,,,,
R-010020122.0110,AMEOMP,ELMS PORTAL,20161030,20250331,,,,,,,
R-010020122.0110,AMELMSP,ELMS 3 X,20161030,20250331,,,,,,,
R-010020122.0110,AMELMS,ELAB NAVIGATOR,20161030,20250331,,,,,,,
R-010020122.0110,AMELABNAV,CAPTIVA,20161030,20250331,,,,,,,
R-010020122.0110,AMCAPTIVA,ACCOUNT PORTAL,20161030,20250331,,,,,,,
R-010020122.0110,ACC PORTAL,SERVICE CLOUD,20161030,20250331,,,,,,,
R-010020122.0110,CPIISSTRCK,ESERVICE PRODUCT PAGE,20161030,20250331,,,,,,,
R-010020122.0110,GAEINSTN,DSOP,20161030,20250331,,,,,,,
R-010020122.0110,GADSOP,CRISIS MANAGEMENT WEBSITE,20161030,20250331,,,,,,,
R-010020122.0110,GACRMGMTWB,CPI,20161030,20250331,,,,,,,
R-010020122.0110,GACRFSTFND,ELMS PORTAL,20150417,20250331,,,,,,,
R-010020122.0110,GACPI,CORK WEBSITE,20161030,20250331,,,,,,,
R-010020122.0110,GACORKWB,CLOCKWISE,20161030,20250331,,,,,,,
R-010020122.0110,GACLKW,CLASSIC ORG CHART,20161030,20250331,,,,,,,
R-010020122.0110,GACLASSIC OR,BRIDGEWAY SUITE ECOUNSEL SECRETARIAT,20161030,20250331,,,,,,,
R-010020122.0110,GACCI,ELMS 3 X,20150417,20250331,,,,,,,
R-010020122.0110,GABRDGSUT,ATS,20161030,20250331,,,,,,,
R-010020122.0110,GAATS,ARCHIBUS,20161030,20250331,,,,,,,
R-010020122.0110,GAARCHIBUS,ADP JOBS,20161030,20250331,,,,,,,
R-010020122.0110,GAADPJBS,ACR,20161030,20250331,,,,,,,
R-010020122.0110,GAACR,ORACLE 11I APPLICATIONS SALES CREDITS,20161030,20250331,,,,,,,
R-010020122.0110,FMSALESCREDI,ORACLE 11I INCENTIVE COMPENSATION OIC,20161030,20250331,,,,,,,
R-010020122.0110,FMOIC,GET PAID,20161030,20250331,,,,,,,
R-010020122.0110,FMGETPAID,DMS,20161030,20250331,,,,,,,
R-010020122.0110,FMDMS,CMC,20161030,20250331,,,,,,,
R-010020122.0110,FMCMC,ACE,20161030,20250331,,,,,,,
R-010020122.0110,FMACE,ENTERPRISE SEARCH SERVICES,20161030,20250331,,,,,,,
R-010020122.0110,ESS,EMC ME,20161030,20250331,,,,,,,
R-010020122.0110,EMCME,UNISYS B2B MERCATOR INTERFACES,20161030,20250331,,,,,,,
R-010020122.0110,EISUB2BINT,EIS SPRING INTERFACES,20161030,20250331,,,,,,,
R-010020122.0110,EISSPRNGINT,SUPPLYNET WEBMETHODS,20161030,20250331,,,,,,,
R-010020122.0110,EISSPINT,PARTNER AUTOMATION WEBMETHODS,20161030,20250331,,,,,,,
R-010020122.0110,EISPAINT,MERCATOR INTERFACES,20161030,20250331,,,,,,,
R-010020122.0110,EISMERCINT,RSO 2 0 EST,20161030,20250331,,,,,,,
R-010020122.0110,CSRSO 2.0 (E,OPR APPLICATION,20161030,20250331,,,,,,,
R-010020122.0110,CSOPR,EMC SALESFORCE COM EST,20161030,20250331,,,,,,,
R-010020122.0110,CSMSLSFORC,POWERSTEERING LEAN SIX SIGMA,20161030,20250331,,,,,,,
R-010020122.0110,CSMPWRSTRG,OSCAR,20161030,20250331,,,,,,,
R-010020122.0110,CSMOSCR,ONTRACK,20161030,20250331,,,,,,,
R-010020122.0110,CSMONTRK,MARKETING RESOURCE MANAGEMENT,20161030,20250331,,,,,,,
R-010020122.0110,CSMMRM,GLOBAL MARKETING DATABASE PORTAL,20161030,20250331,,,,,,,
R-010020122.0110,CSMGMDBP,FALCON,20161030,20250331,,,,,,,
R-010020122.0110,CSMFALCON,ABQS,20161030,20250331,,,,,,,
R-010020122.0110,CSMABQS,PRIMUS,20161030,20250331,,,,,,,
R-010020122.0110,CPIPRIMUS,PIT,20161030,20250331,,,,,,,
R-010020122.0110,CPIPIT,PAWS,20161030,20250331,,,,,,,
R-010020122.0110,CPIPAWS,NGOE MUP,20161030,20250331,,,,,,,
R-010020122.0110,CPINGOE,LOV ADMIN TOOL,20161030,20250331,,,,,,,
R-010020122.0110,CPILOVADMTL,ISSUE TRACKER,20161030,20250331,,,,,,,
