EecEEID,Employee Number,Company,Preferred First Name,First Name,Last Name,Employee Email,Last Hire Date,Employee Status,Termination Date,Employee Type,Location Code,Location Name,Org Level 3 code,Org Level 3,Service Center Code,Service Center Name,Cost Center Code,Cost Center Name,Pay group code,Pay group Name,Work schedule,Time Entry System,Activity Type Code,Activity Type Description
EQ67T1000020,15796,Contractors,,Maureen,Heideman,Maureen.Heideman@CohnReznick.com,03/23/2023,Enabled,,Exempt Hourly,VIRTUA,Virtual,PMT,Practice Management,1710,CohnReznick LLP,1710040906,Technology,NOPAY,No Pay,37.5,GovUnanet and Replicon,T014,PMT Specialist
EQ82H4000020,15797,Contractors,,Milton,Robinson,Milton.Robinson@CohnReznick.com,03/23/2023,Enabled,,Exempt Hourly,VIRTUA,Virtual,PMT,Practice Management,1710,CohnReznick LLP,1710040906,Technology,NOPAY,No Pay,37.5,GovUnanet and Replicon,T014,PMT Specialist
EQ8473000020,15799,Contractors,,Richard,Bracken,Richard.Bracken@CohnReznick.com,03/23/2023,Enabled,,Exempt Hourly,VIRTUA,Virtual,PMT,Practice Management,1710,CohnReznick LLP,1710040906,Technology,NOPAY,No Pay,37.5,GovUnanet,T014,PMT Specialist
9JFXK00000K0,110136,CohnReznick LLP,,Carlos,Campos,Carlos.Campos@CohnReznick.com,10-11-2021,Enabled,,Exempt Salary,LOSA,Los Angeles,PMT,Practice Management,1710,CohnReznick LLP,1710040906,Technology,REZSAL,CR Salary,37.5,GovUnanet and Replicon,T016,PMT Manager
9JFXKB0000K0,111020,CohnReznick LLP,,Angel,Soriano,Angel.Soriano@CohnReznick.com,01-03-2012,Enabled,,Non Exempt Salary,LOSA,Los Angeles,PMT,Practice Management,1710,CohnReznick LLP,1710040906,Technology,REZSAL,CR Salary,37.5,GovUnanet,T013,PMT Coordinator
AZT0QP0000K0,300250,CohnReznick LLP,Jenny,Jennifer,Welch-Mangner,Jenny.Mangner@CohnReznick.com,09-10-2018,Enabled,,Exempt Salary,VITIL,Virtual Illinois,PMT,Practice Management,1710,CohnReznick LLP,1710040504,Technology+ PMT,REZSAL,CR Salary,37.5,GovUnanet and Replicon,T014,PMT Specialist
C8TBPF0000K0,301696,CohnReznick LLP,,Stacy,Spielman,Stacy.Spielman@CohnReznick.com,06/18/2018,Enabled,,Exempt Salary,BALT,Baltimore,PMT,Practice Management,1710,CohnReznick LLP,1710040904,PeoplenCulture,REZSAL,CR Salary,37.5,Replicon,T016,PMT Manager
CY80DS000020,302669,CohnReznick LLP,,Jesse,Kempton,Jesse.Kempton@CohnReznick.com,10/28/2019,Enabled,,Non Exempt Salary,HART,Hartford CT,PMT,Practice Management,1710,CohnReznick LLP,1710040906,Technology,REZSAL,CR Salary,37.5,Replicon,T014,PMT Specialist
DWA6W0000020,304190,CohnReznick LLP,,Valerie,Chan,Valerie.Chan@CohnReznick.com,08/23/2021,Enabled,,Exempt Salary,CJO,Holmdel,PMT,Practice Management,1710,CohnReznick LLP,1710040909,Marketing,REZSAL,CR Salary,37.5,Replicon,T014,PMT Specialist
